EntityId,TeamId,Name,ShortName,RowId,TeamAbbreviation,SecondsPlayed,Minutes,PlusMinus,OffPoss,DefPoss,PenaltyOffPoss,PenaltyDefPoss,SecondChanceOffPoss,TotalPoss,AtRimFGM,AtRimFGA,SecondChanceAtRimFGM,SecondChanceAtRimFGA,PenaltyAtRimFGM,PenaltyAtRimFGA,ShortMidRangeFGM,ShortMidRangeFGA,LongMidRangeFGM,LongMidRangeFGA,Corner3FGM,Corner3FGA,SecondChanceCorner3FGA,PenaltyCorner3FGM,PenaltyCorner3FGA,Arc3FGM,Arc3FGA,SecondChanceArc3FGA,PenaltyArc3FGM,PenaltyArc3FGA,FG2M,FG2A,FG3M,FG3A,FtPoints,Points,OpponentPoints,SecondChanceFG2M,SecondChanceFG2A,SecondChanceFG3A,SecondChanceFtPoints,SecondChancePoints,PenaltyFG2M,PenaltyFG2A,PenaltyFG3M,PenaltyFG3A,PenaltyFtPoints,PenaltyPoints,PtsAssisted2s,PtsUnassisted2s,PtsAssisted3s,PtsUnassisted3s,PtsPutbacks,NonHeaveArc3FGA,NonHeaveArc3FGM,Fg2aBlocked,TwoPtAssists,ThreePtAssists,Assists,Arc3Assists,Corner3Assists,AtRimAssists,ShortMidRangeAssists,LongMidRangeAssists,AssistPoints,OffThreePtRebounds,OffTwoPtRebounds,DefThreePtRebounds,DefTwoPtRebounds,DefRebounds,OffRebounds,Rebounds,SelfOReb,Steals,BadPassSteals,LostBallSteals,LiveBallTurnovers,BadPassOutOfBoundsTurnovers,BadPassTurnovers,DeadBallTurnovers,LostBallOutOfBoundsTurnovers,LostBallTurnovers,StepOutOfBoundsTurnovers,Travels,Turnovers,SecondChanceTurnovers,PenaltyTurnovers,ShootingFouls,Fouls,Charge Fouls,Loose Ball Fouls,Offensive Fouls,Transition Take Fouls,FoulsDrawn,Loose Ball Fouls Drawn,Offensive Fouls Drawn,FTA,2pt And 1 Free Throw Trips,TwoPtShootingFoulsDrawn,NonShootingFoulsDrawn,Blocked2s,Blocked3s,BlockedArc3,BlockedLongMidRange,BlockedShortMidRange,Blocks,RecoveredBlocks,3SecondViolations,PenaltyPointsExcludingTakeFouls,PenaltyOffPossExcludingTakeFouls,NonShootingPenaltyNonTakeFouls,NonShootingPenaltyNonTakeFoulsDrawn,Assisted2sPct,NonPutbacksAssisted2sPct,Assisted3sPct,Fg3Pct,PenaltyFg3Pct,NonHeaveFg3Pct,Fg2Pct,SecondChanceFg2Pct,PenaltyFg2Pct,EfgPct,SecondChanceEfgPct,PenaltyEfgPct,TsPct,SecondChanceTsPct,PenaltyTsPct,FG3APct,FG2APctBlocked,AtRimPctBlocked,ShortMidRangePctBlocked,Usage,LiveBallTurnoverPct,DefTwoPtReboundPct,OffTwoPtReboundPct,DefThreePtReboundPct,OffThreePtReboundPct,DefFGReboundPct,OffFGReboundPct,OffAtRimReboundPct,OffShortMidRangeReboundPct,OffLongMidRangeReboundPct,OffArc3ReboundPct,OffCorner3ReboundPct,DefAtRimReboundPct,DefShortMidRangeReboundPct,DefLongMidRangeReboundPct,DefArc3ReboundPct,DefCorner3ReboundPct,SelfORebPct,BlocksRecoveredPct,AtRimFrequency,AtRimAccuracy,UnblockedAtRimAccuracy,AtRimPctAssisted,ShortMidRangeFrequency,ShortMidRangeAccuracy,UnblockedShortMidRangeAccuracy,ShortMidRangePctAssisted,LongMidRangeFrequency,LongMidRangeAccuracy,UnblockedLongMidRangeAccuracy,LongMidRangePctAssisted,Corner3Frequency,Corner3Accuracy,UnblockedCorner3Accuracy,Corner3PctAssisted,Arc3Frequency,Arc3Accuracy,UnblockedArc3Accuracy,Arc3PctAssisted,SecondChanceAtRimFrequency,SecondChanceAtRimAccuracy,SecondChanceCorner3Frequency,SecondChanceArc3Frequency,PenaltyAtRimFrequency,PenaltyAtRimAccuracy,PenaltyCorner3Frequency,PenaltyCorner3Accuracy,PenaltyArc3Frequency,PenaltyArc3Accuracy,AtRimFG3AFrequency,NonHeaveArc3Accuracy,ShotQualityAvg,SecondChanceShotQualityAvg,PenaltyShotQualityAvg,ShootingFoulsDrawnPct,TwoPtShootingFoulsDrawnPct,SecondChancePointsPct,PenaltyPointsPct,Avg2ptShotDistance,Avg3ptShotDistance,PenaltyOffPossPct,SecondChanceArc3FGM,SecondChanceFG3M,HeaveAttempts,Fg3aBlocked,FTDefRebounds,ThreePtShootingFoulsDrawn,BlockedAtRim,Defensive 3 Seconds Violations,SecondChanceFg3Pct,FG3APctBlocked,Corner3PctBlocked,Arc3PctBlocked,DefFTReboundPct,SecondChanceAtRimPctAssisted,SecondChanceArc3Accuracy,SecondChanceArc3PctAssisted,ThreePtShootingFoulsDrawnPct,LongMidRangePctBlocked,FTOffRebounds,OffFTReboundPct,Transition Take Fouls Drawn,3pt And 1 Free Throw Trips,Technical Free Throw Trips,SecondChanceCorner3FGM,BlockedCorner3,SecondChanceCorner3Accuracy,SecondChanceCorner3PctAssisted,Charge Fouls Drawn,Clear Path Fouls
203822,1611661313,Rebekah Gardner,Rebekah Gardner,203822,NYL,29523.0,492,35,970,984,271,216,114,1954,28.0,45.0,4.0,8.0,3.0,7.0,5.0,21.0,2.0,2.0,7.0,21.0,1.0,3.0,6.0,13.0,21.0,2.0,3.0,5.0,35.0,68,20.0,42.0,22.0,152,977,5.0,10.0,3.0,7.0,17.0,3.0,13.0,6.0,11.0,8.0,32.0,50.0,20.0,54.0,6.0,8.0,21.0,13.0,12.0,10.0,15.0,25.0,12.0,3.0,4.0,5.0,1.0,65.0,13.0,14.0,20.0,27.0,47.0,27.0,74,3.0,25.0,24.0,1.0,10.0,2.0,6.0,13.0,2.0,4.0,1.0,4.0,23.0,2.0,9.0,34.0,63.0,1.0,3.0,2.0,1.0,24,3.0,2.0,27.0,1.0,11.0,3.0,6.0,1.0,1.0,1.0,5.0,7.0,5.0,1.0,32.0,267,3.0,3.0,0.7142857142857143,0.8064516129032258,0.9,0.47619047619047616,0.5454545454545454,0.47619047619047616,0.5147058823529411,0.5,0.23076923076923078,0.5909090909090909,0.38461538461538464,0.5,0.6178861788617886,0.53125,0.5714285714285714,0.38181818181818183,0.17647058823529413,0.17777777777777778,0.19047619047619047,13.333333333333334,0.43478260869565216,0.10074626865671642,0.06363636363636363,0.08968609865470852,0.06074766355140187,0.09572301425661914,0.06221198156682028,0.1267605633802817,0.024390243902439025,0.07692307692307693,0.05,0.09259259259259259,0.0975609756097561,0.10687022900763359,0.09090909090909091,0.08571428571428572,0.10416666666666667,0.06976744186046512,0.7142857142857143,0.4090909090909091,0.6222222222222222,0.7567567567567568,0.6428571428571429,0.19090909090909092,0.23809523809523808,0.29411764705882354,1.0,0.01818181818181818,1.0,1.0,1.0,0.19090909090909092,0.3333333333333333,0.3333333333333333,0.8571428571428571,0.19090909090909092,0.6190476190476191,0.6190476190476191,0.9230769230769231,0.6153846153846154,0.5,0.07692307692307693,0.15384615384615385,0.2916666666666667,0.42857142857142855,0.25,0.5,0.20833333333333334,0.6,0.7909090909090909,0.6190476190476191,0.5390572727272729,0.5442285714285714,0.502225,0.09166666666666666,0.14102564102564102,0.1118421052631579,0.21052631578947367,3.685294117647058,23.988095238095237,0.2793814432989691,0.0,0.0,0.0,0.0,0.0,0.0,0.0,0.0,0.0,0.0,0.0,0.0,0.0,0.0,0.0,0.0,0.0,0.0,0.0,0.0,0.0,0.0,0.0,0.0,0.0,0.0,0.0,0.0,0.0
1629546,1611661313,Marine Johannès,Marine Johannès,1629546,NYL,47594.0,793,102,1589,1586,384,281,167,3175,15.0,21.0,1.0,2.0,1.0,1.0,10.0,25.0,10.0,17.0,11.0,34.0,1.0,2.0,7.0,54.0,155.0,10.0,10.0,36.0,35.0,63,65.0,189.0,16.0,281,1640,3.0,7.0,11.0,1.0,19.0,4.0,7.0,12.0,43.0,9.0,53.0,52.0,18.0,147.0,48.0,0.0,151.0,54.0,3.0,41.0,29.0,70.0,14.0,15.0,22.0,17.0,2.0,169.0,11.0,2.0,38.0,30.0,71.0,13.0,84,4.0,25.0,17.0,8.0,34.0,12.0,27.0,18.0,1.0,7.0,0.0,5.0,52.0,1.0,13.0,20.0,46.0,0.0,3.0,0.0,1.0,19,2.0,1.0,19.0,0.0,3.0,2.0,12.0,0.0,0.0,1.0,5.0,12.0,5.0,0.0,53.0,381,4.0,2.0,0.7428571428571429,0.7428571428571429,0.7538461538461538,0.3439153439153439,0.27906976744186046,0.35135135135135137,0.5555555555555556,0.42857142857142855,0.5714285714285714,0.5257936507936508,0.5,0.44,0.5403846153846154,0.5,0.49074074074074076,0.75,0.047619047619047616,0.09523809523809523,0.04,17.567567567567565,0.6538461538461539,0.06622516556291391,0.005555555555555556,0.11209439528023599,0.03151862464183381,0.08585858585858586,0.018335684062059238,0.0,0.0049504950495049506,0.019230769230769232,0.0299625468164794,0.036585365853658534,0.02962962962962963,0.07834101382488479,0.0891089108910891,0.10384615384615385,0.13924050632911392,0.028985507246376812,0.4166666666666667,0.08333333333333333,0.7142857142857143,0.7894736842105263,0.7333333333333333,0.0992063492063492,0.4,0.4166666666666667,0.8,0.06746031746031746,0.5882352941176471,0.5882352941176471,0.7,0.1349206349206349,0.3235294117647059,0.3333333333333333,0.9090909090909091,0.6150793650793651,0.34838709677419355,0.35526315789473684,0.7222222222222222,0.1111111111111111,0.5,0.05555555555555555,0.5555555555555556,0.02,1.0,0.14,0.2857142857142857,0.72,0.2777777777777778,0.8333333333333334,0.3576158940397351,0.5045814516129035,0.49942727272727266,0.4691468750000001,0.023255813953488372,0.045454545454545456,0.06761565836298933,0.18861209964412812,8.612698412698412,25.4026455026455,0.24166142227816237,4.0,4.0,4.0,4.0,3.0,3.0,6.0,1.0,0.36363636363636365,0.021164021164021163,0.029411764705882353,0.01935483870967742,0.06,1.0,0.4,1.0,0.015625,0.0,0.0,0.0,0.0,0.0,0.0,0.0,0.0,0.0,0.0,0.0,0.0
203416,1611661313,Emma Meesseman,Emma Meesseman,203416,NYL,26374.0,440,32,829,824,203,130,77,1653,28.0,37.0,4.0,6.0,6.0,9.0,39.0,73.0,10.0,28.0,4.0,5.0,0.0,1.0,1.0,10.0,16.0,1.0,1.0,1.0,77.0,138,14.0,21.0,32.0,228,858,6.0,10.0,1.0,6.0,21.0,17.0,28.0,2.0,2.0,11.0,51.0,128.0,26.0,42.0,0.0,2.0,16.0,10.0,7.0,30.0,24.0,54.0,15.0,9.0,21.0,6.0,3.0,132.0,9.0,13.0,18.0,40.0,65.0,22.0,87,6.0,21.0,17.0,4.0,22.0,5.0,14.0,14.0,0.0,8.0,0.0,4.0,36.0,2.0,11.0,15.0,26.0,0.0,3.0,5.0,0.0,42,3.0,0.0,37.0,5.0,16.0,4.0,13.0,0.0,0.0,0.0,10.0,13.0,8.0,0.0,51.0,203,1.0,4.0,0.8311688311688312,0.8421052631578947,1.0,0.6666666666666666,1.0,0.6666666666666666,0.5579710144927537,0.6,0.6071428571428571,0.6163522012578616,0.6818181818181818,0.6666666666666666,0.6551724137931034,0.75,0.7083333333333334,0.1320754716981132,0.050724637681159424,0.08108108108108109,0.0136986301369863,22.925764192139738,0.6111111111111112,0.17391304347826086,0.06770833333333333,0.09782608695652174,0.05844155844155844,0.14009661835748793,0.06358381502890173,0.09803921568627451,0.049019607843137254,0.07692307692307693,0.05511811023622047,0.07407407407407407,0.20967741935483872,0.20353982300884957,0.07272727272727272,0.09302325581395349,0.10909090909090909,0.10344827586206896,0.6153846153846154,0.23270440251572327,0.7567567567567568,0.8235294117647058,0.8214285714285714,0.4591194968553459,0.5342465753424658,0.5416666666666666,0.8205128205128205,0.1761006289308176,0.35714285714285715,0.4,0.9,0.031446540880503145,0.8,0.8,1.0,0.10062893081761007,0.625,0.625,1.0,0.5454545454545454,0.6666666666666666,0.0,0.09090909090909091,0.3,0.6666666666666666,0.03333333333333333,1.0,0.03333333333333333,1.0,0.36477987421383645,0.625,0.44941194968553455,0.55084,0.4497966666666668,0.09411764705882353,0.10738255033557047,0.09210526315789473,0.2236842105263158,8.506521739130434,24.3952380952381,0.2448733413751508,1.0,1.0,0.0,0.0,7.0,0.0,3.0,1.0,1.0,0.0,0.0,0.0,0.3888888888888889,0.5,1.0,1.0,0.0,0.10714285714285714,0.0,0.0,0.0,0.0,0.0,0.0,0.0,0.0,0.0,0.0,0.0
204333,1611661313,Natasha Cloud,Natasha Cloud,204333,NYL,70239.0,1171,127,2360,2372,472,368,206,4732,60.0,90.0,1.0,2.0,9.0,16.0,26.0,70.0,13.0,35.0,6.0,21.0,1.0,0.0,5.0,46.0,133.0,13.0,6.0,24.0,99.0,195,52.0,154.0,60.0,414,2417,3.0,5.0,14.0,0.0,15.0,16.0,35.0,6.0,29.0,21.0,71.0,82.0,116.0,123.0,33.0,4.0,131.0,46.0,7.0,140.0,71.0,211.0,56.0,15.0,71.0,46.0,23.0,493.0,10.0,4.0,76.0,56.0,137.0,14.0,151,4.0,49.0,39.0,10.0,48.0,18.0,46.0,29.0,1.0,2.0,0.0,1.0,77.0,4.0,14.0,53.0,119.0,1.0,4.0,4.0,0.0,58,3.0,5.0,69.0,7.0,34.0,4.0,13.0,1.0,1.0,0.0,6.0,14.0,8.0,0.0,67.0,468,3.0,2.0,0.41414141414141414,0.422680412371134,0.7884615384615384,0.33766233766233766,0.20689655172413793,0.34210526315789475,0.5076923076923077,0.6,0.45714285714285713,0.5071633237822349,0.39473684210526316,0.390625,0.5447368421052632,0.39473684210526316,0.46710526315789475,0.44126074498567336,0.035897435897435895,0.011111111111111112,0.08571428571428572,17.63797761482053,0.6233766233766234,0.08641975308641975,0.0076045627376425855,0.14531548757170173,0.019646365422396856,0.11272416737830913,0.01352657004830918,0.0,0.013793103448275862,0.0,0.01990049751243781,0.018691588785046728,0.06451612903225806,0.059748427672955975,0.1736111111111111,0.15671641791044777,0.10743801652892562,0.021621621621621623,0.5714285714285714,0.25787965616045844,0.6666666666666666,0.6741573033707865,0.43333333333333335,0.20057306590257878,0.37142857142857144,0.40625,0.46153846153846156,0.10028653295128939,0.37142857142857144,0.37142857142857144,0.23076923076923078,0.06017191977077364,0.2857142857142857,0.2857142857142857,1.0,0.38108882521489973,0.3458646616541353,0.3484848484848485,0.7608695652173914,0.10526315789473684,0.5,0.05263157894736842,0.6842105263157895,0.25,0.5625,0.078125,0.0,0.375,0.25,0.6991404011461319,0.3511450381679389,0.5002873198847264,0.524725,0.46015952380952374,0.09042553191489362,0.15315315315315314,0.036231884057971016,0.17149758454106281,6.8743589743589775,25.30064935064935,0.2,3.0,3.0,2.0,1.0,5.0,0.0,7.0,0.0,0.21428571428571427,0.006493506493506494,0.0,0.007518796992481203,0.07936507936507936,0.0,0.23076923076923078,1.0,0.0,0.0,0.0,0.0,0.0,0.0,0.0,0.0,0.0,0.0,0.0,0.0,0.0
204330,1611661313,Isabelle Harrison,Isabelle Harrison,204330,NYL,20411.0,340,-11,718,728,213,184,72,1446,34.0,48.0,8.0,14.0,7.0,12.0,23.0,60.0,4.0,11.0,1.0,4.0,0.0,1.0,1.0,3.0,11.0,0.0,0.0,0.0,61.0,119,4.0,15.0,33.0,167,749,11.0,25.0,0.0,2.0,24.0,19.0,37.0,1.0,1.0,13.0,54.0,82.0,40.0,12.0,0.0,16.0,11.0,3.0,13.0,5.0,19.0,24.0,16.0,3.0,5.0,0.0,0.0,67.0,13.0,15.0,22.0,33.0,60.0,29.0,89,1.0,20.0,12.0,8.0,12.0,2.0,5.0,11.0,1.0,7.0,0.0,2.0,23.0,6.0,9.0,23.0,44.0,0.0,3.0,5.0,0.0,31,1.0,1.0,43.0,5.0,20.0,4.0,2.0,0.0,0.0,0.0,1.0,2.0,1.0,0.0,54.0,212,3.0,4.0,0.6721311475409836,0.7735849056603774,1.0,0.26666666666666666,1.0,0.26666666666666666,0.5126050420168067,0.44,0.5135135135135135,0.5,0.44,0.5394736842105263,0.545751633986928,0.4444444444444444,0.6,0.11194029850746269,0.1092436974789916,0.08333333333333333,0.15,22.027534418022526,0.5217391304347826,0.19298245614035087,0.09036144578313253,0.14012738853503184,0.09420289855072464,0.1676829268292683,0.09210526315789473,0.14285714285714285,0.09345794392523364,0.0,0.08823529411764706,0.1111111111111111,0.21428571428571427,0.2391304347826087,0.05405405405405406,0.12605042016806722,0.18421052631578946,0.017857142857142856,0.5,0.3582089552238806,0.7083333333333334,0.7727272727272727,0.5588235294117647,0.44776119402985076,0.38333333333333336,0.45098039215686275,0.782608695652174,0.08208955223880597,0.36363636363636365,0.36363636363636365,1.0,0.029850746268656716,0.25,0.25,1.0,0.08208955223880597,0.2727272727272727,0.2727272727272727,1.0,0.56,0.5714285714285714,0.0,0.0,0.3157894736842105,0.5833333333333334,0.02631578947368421,1.0,0.0,0.0,0.4701492537313433,0.2727272727272727,0.4702145522388061,0.5112466666666667,0.4454026315789473,0.1342281879194631,0.14925373134328357,0.1437125748502994,0.32335329341317365,5.9907563025210075,24.453333333333333,0.2966573816155989,0.0,0.0,0.0,0.0,5.0,0.0,1.0,0.0,0.0,0.0,0.0,0.0,0.22727272727272727,0.0,0.0,0.0,0.0,0.0,1.0,0.05263157894736842,0.0,0.0,0.0,0.0,0.0,0.0,0.0,0.0,0.0
1629477,1611661313,Sabrina Ionescu,Sabrina Ionescu,1629477,NYL,70415.0,1174,150,2387,2389,467,375,227,4776,56.0,82.0,9.0,12.0,7.0,10.0,56.0,148.0,37.0,72.0,10.0,37.0,2.0,1.0,6.0,71.0,234.0,24.0,19.0,58.0,149.0,302,81.0,271.0,152.0,693,2445,14.0,28.0,26.0,18.0,73.0,22.0,50.0,20.0,64.0,61.0,165.0,150.0,148.0,195.0,48.0,8.0,233.0,71.0,24.0,154.0,62.0,216.0,47.0,15.0,98.0,47.0,9.0,494.0,19.0,10.0,75.0,79.0,155.0,30.0,185,12.0,48.0,32.0,16.0,54.0,27.0,39.0,46.0,5.0,15.0,7.0,2.0,100.0,3.0,21.0,36.0,63.0,0.0,3.0,4.0,0.0,148,3.0,12.0,163.0,17.0,65.0,16.0,13.0,3.0,3.0,1.0,10.0,16.0,8.0,0.0,158.0,459,6.0,9.0,0.5033557046979866,0.5172413793103449,0.8024691358024691,0.2988929889298893,0.3125,0.3,0.49337748344370863,0.5,0.44,0.4720767888307155,0.5092592592592593,0.45614035087719296,0.53515625,0.5793650793650794,0.574468085106383,0.47294938917975565,0.07947019867549669,0.10975609756097561,0.10135135135135136,27.965138309965894,0.54,0.11269614835948645,0.018050541516245487,0.15151515151515152,0.03696498054474708,0.12876254180602006,0.027153558052434457,0.014084507042253521,0.018691588785046728,0.02197802197802198,0.03950617283950617,0.027522935779816515,0.06896551724137931,0.13505747126436782,0.12,0.15885416666666666,0.12612612612612611,0.0392156862745098,0.5,0.1431064572425829,0.6829268292682927,0.7671232876712328,0.5535714285714286,0.2582897033158813,0.3783783783783784,0.42105263157894735,0.4107142857142857,0.1256544502617801,0.5138888888888888,0.5138888888888888,0.5675675675675675,0.06457242582897033,0.2702702702702703,0.2777777777777778,1.0,0.4083769633507853,0.3034188034188034,0.30869565217391304,0.7746478873239436,0.2222222222222222,0.75,0.037037037037037035,0.4444444444444444,0.08771929824561403,0.7,0.05263157894736842,0.16666666666666666,0.5087719298245614,0.3275862068965517,0.6160558464223386,0.30472103004291845,0.47804421052631585,0.4744553571428572,0.43741814159292025,0.11057692307692307,0.18571428571428572,0.10533910533910534,0.23809523809523808,8.510927152317885,25.970479704797054,0.19564306661080855,9.0,9.0,1.0,5.0,1.0,4.0,2.0,0.0,0.34615384615384615,0.01845018450184502,0.02702702702702703,0.017094017094017096,0.015625,0.3333333333333333,0.375,0.7777777777777778,0.014598540145985401,0.0,1.0,0.0196078431372549,1.0,1.0,8.0,0.0,0.0,0.0,0.0,0.0,0.0
1629568,1611661313,Kennedy Burke,Kennedy Burke,1629568,NYL,45560.0,759,73,1539,1542,351,306,160,3081,44.0,65.0,6.0,10.0,10.0,14.0,11.0,40.0,1.0,2.0,19.0,36.0,4.0,4.0,7.0,27.0,75.0,8.0,4.0,16.0,56.0,107,46.0,111.0,41.0,291,1564,7.0,15.0,12.0,1.0,27.0,13.0,22.0,8.0,23.0,8.0,58.0,84.0,28.0,135.0,3.0,4.0,75.0,27.0,11.0,29.0,16.0,45.0,12.0,4.0,18.0,10.0,1.0,106.0,13.0,8.0,24.0,35.0,64.0,21.0,85,4.0,28.0,22.0,6.0,18.0,6.0,9.0,16.0,5.0,9.0,1.0,1.0,34.0,3.0,10.0,26.0,47.0,0.0,0.0,2.0,1.0,47,1.0,2.0,54.0,6.0,29.0,1.0,15.0,1.0,0.0,0.0,7.0,16.0,8.0,0.0,58.0,346,4.0,1.0,0.75,0.7777777777777778,0.9782608695652174,0.4144144144144144,0.34782608695652173,0.4144144144144144,0.5233644859813084,0.4666666666666667,0.5909090909090909,0.573394495412844,0.48148148148148145,0.5555555555555556,0.6012396694214877,0.5,0.58,0.5091743119266054,0.102803738317757,0.07692307692307693,0.15,16.0932944606414,0.5294117647058824,0.08536585365853659,0.022727272727272728,0.06685236768802229,0.04024767801857585,0.07672301690507152,0.03111111111111111,0.030303030303030304,0.01020408163265306,0.05263157894736842,0.0398406374501992,0.041666666666666664,0.088,0.07766990291262135,0.10126582278481013,0.06382978723404255,0.07792207792207792,0.0392156862745098,0.5,0.2981651376146789,0.676923076923077,0.7333333333333333,0.7727272727272727,0.1834862385321101,0.275,0.3235294117647059,0.7272727272727273,0.009174311926605505,0.5,0.5,0.0,0.1651376146788991,0.5277777777777778,0.5277777777777778,1.0,0.3440366972477064,0.36,0.36,0.9629629629629629,0.37037037037037035,0.6,0.14814814814814814,0.2962962962962963,0.3111111111111111,0.7142857142857143,0.15555555555555556,0.5714285714285714,0.35555555555555557,0.25,0.8073394495412844,0.36,0.5282470183486238,0.5612699999999999,0.5031711111111113,0.12033195020746888,0.2230769230769231,0.09278350515463918,0.19931271477663232,3.666355140186916,24.520720720720714,0.22807017543859648,2.0,4.0,0.0,0.0,5.0,0.0,8.0,1.0,0.3333333333333333,0.0,0.0,0.0,0.09615384615384616,0.5,0.25,1.0,0.0,0.0,0.0,0.0,0.0,0.0,0.0,2.0,1.0,0.5,1.0,0.0,0.0
1627668,1611661313,Breanna Stewart,Breanna Stewart,1627668,NYL,55108.0,918,192,1879,1886,356,297,181,3765,91.0,122.0,11.0,20.0,16.0,25.0,65.0,165.0,11.0,34.0,4.0,18.0,1.0,0.0,2.0,17.0,69.0,9.0,4.0,11.0,167.0,321,21.0,87.0,169.0,566,1862,25.0,45.0,10.0,19.0,75.0,27.0,53.0,4.0,13.0,67.0,133.0,258.0,76.0,54.0,9.0,14.0,69.0,17.0,23.0,55.0,53.0,108.0,39.0,14.0,28.0,18.0,9.0,269.0,12.0,18.0,71.0,85.0,172.0,31.0,203,10.0,42.0,34.0,8.0,34.0,7.0,18.0,26.0,5.0,16.0,1.0,4.0,60.0,3.0,12.0,33.0,59.0,2.0,1.0,5.0,0.0,159,7.0,4.0,202.0,20.0,86.0,23.0,40.0,2.0,2.0,4.0,18.0,42.0,22.0,0.0,131.0,348,2.0,21.0,0.7724550898203593,0.80625,0.8571428571428571,0.2413793103448276,0.3076923076923077,0.2413793103448276,0.5202492211838006,0.5555555555555556,0.5094339622641509,0.48651960784313725,0.509090909090909,0.5,0.5653923541247485,0.5952380952380952,0.6407766990291263,0.21323529411764705,0.07165109034267912,0.06557377049180328,0.08484848484848485,26.74027844455113,0.5666666666666667,0.16159695817490494,0.04225352112676056,0.16945107398568018,0.029556650246305417,0.16507936507936508,0.036057692307692304,0.02564102564102564,0.053497942386831275,0.030303030303030304,0.027777777777777776,0.036585365853658534,0.18012422360248448,0.1647940074906367,0.12244897959183673,0.1588785046728972,0.20408163265306123,0.052083333333333336,0.5238095238095238,0.29901960784313725,0.7459016393442623,0.7982456140350878,0.7802197802197802,0.40441176470588236,0.3939393939393939,0.4304635761589404,0.8,0.08333333333333333,0.3235294117647059,0.3333333333333333,0.5454545454545454,0.04411764705882353,0.2222222222222222,0.2222222222222222,0.75,0.16911764705882354,0.2463768115942029,0.25,0.8823529411764706,0.36363636363636365,0.55,0.01818181818181818,0.16363636363636364,0.3787878787878788,0.64,0.030303030303030304,0.0,0.16666666666666666,0.36363636363636365,0.5122549019607843,0.2463768115942029,0.49536960784313727,0.51315,0.4932189393939394,0.18143459915611815,0.2222222222222222,0.13250883392226148,0.23498233215547704,6.522429906542057,24.913793103448278,0.18946248004257585,1.0,2.0,0.0,1.0,16.0,0.0,18.0,0.0,0.2,0.011494252873563218,0.0,0.014492753623188406,0.2909090909090909,0.36363636363636365,0.1111111111111111,1.0,0.0,0.029411764705882353,1.0,0.021739130434782608,0.0,0.0,4.0,1.0,0.0,1.0,1.0,0.0,0.0
203855,1611661313,Stephanie Talbot,Stephanie Talbot,203855,NYL,16367.0,273,-54,528,528,115,112,57,1056,5.0,8.0,0.0,1.0,0.0,0.0,6.0,12.0,0.0,1.0,5.0,15.0,1.0,0.0,1.0,3.0,9.0,1.0,1.0,2.0,11.0,21,8.0,24.0,9.0,55,558,0.0,1.0,2.0,1.0,4.0,1.0,3.0,1.0,3.0,6.0,11.0,20.0,2.0,24.0,0.0,0.0,9.0,3.0,2.0,23.0,11.0,34.0,5.0,6.0,11.0,10.0,2.0,79.0,7.0,4.0,19.0,14.0,36.0,12.0,48,0.0,10.0,9.0,1.0,13.0,4.0,11.0,8.0,0.0,2.0,1.0,2.0,21.0,2.0,0.0,11.0,22.0,0.0,1.0,1.0,0.0,13,3.0,0.0,14.0,2.0,5.0,3.0,3.0,2.0,2.0,0.0,3.0,5.0,2.0,0.0,11.0,115,1.0,3.0,0.9090909090909091,0.9090909090909091,1.0,0.3333333333333333,0.3333333333333333,0.3333333333333333,0.5238095238095238,0.0,0.3333333333333333,0.5111111111111111,0.5,0.4166666666666667,0.5392156862745098,0.5,0.55,0.5333333333333333,0.09523809523809523,0.125,0.08333333333333333,12.203389830508474,0.6190476190476191,0.10144927536231885,0.028985507246376812,0.16379310344827586,0.059322033898305086,0.12992125984251968,0.04296875,0.030303030303030304,0.023809523809523808,0.047619047619047616,0.06896551724137931,0.03225806451612903,0.0,0.14492753623188406,0.12903225806451613,0.15730337078651685,0.18518518518518517,0.0,0.4,0.17777777777777778,0.625,0.7142857142857143,0.8,0.26666666666666666,0.5,0.5454545454545454,1.0,0.022222222222222223,0.0,0.0,0.0,0.3333333333333333,0.3333333333333333,0.3333333333333333,1.0,0.2,0.3333333333333333,0.3333333333333333,1.0,0.3333333333333333,0.0,0.3333333333333333,0.3333333333333333,0.0,0.0,0.16666666666666666,0.0,0.3333333333333333,0.5,0.7111111111111111,0.3333333333333333,0.5291922222222222,0.54525,0.44780833333333336,0.10416666666666667,0.20833333333333334,0.07272727272727272,0.2,5.366666666666667,23.733333333333334,0.2178030303030303,0.0,1.0,0.0,0.0,3.0,0.0,0.0,0.0,0.5,0.0,0.0,0.0,0.17647058823529413,0.0,0.0,0.0,0.0,0.0,1.0,0.09090909090909091,0.0,0.0,0.0,1.0,0.0,1.0,1.0,1.0,0.0
1630142,1611661313,Leonie Fiebich,Leonie Fiebich,1630142,NYL,62441.0,1041,147,2039,2043,371,340,183,4082,38.0,58.0,1.0,3.0,5.0,8.0,16.0,35.0,3.0,8.0,18.0,38.0,2.0,5.0,9.0,33.0,82.0,4.0,7.0,12.0,57.0,101,51.0,120.0,54.0,321,2048,2.0,7.0,6.0,2.0,12.0,9.0,15.0,12.0,21.0,18.0,72.0,88.0,26.0,147.0,6.0,0.0,81.0,33.0,4.0,41.0,23.0,64.0,18.0,5.0,19.0,21.0,1.0,151.0,15.0,8.0,46.0,60.0,108.0,23.0,131,2.0,34.0,27.0,7.0,25.0,8.0,17.0,20.0,2.0,8.0,1.0,2.0,45.0,3.0,6.0,33.0,90.0,1.0,9.0,5.0,0.0,63,4.0,6.0,62.0,3.0,23.0,9.0,14.0,0.0,0.0,1.0,8.0,14.0,9.0,0.0,72.0,366,11.0,8.0,0.7719298245614035,0.7719298245614035,0.9607843137254902,0.425,0.5714285714285714,0.42857142857142855,0.5643564356435643,0.2857142857142857,0.6,0.6040723981900452,0.38461538461538464,0.75,0.642,0.42857142857142855,0.7659574468085106,0.5429864253393665,0.039603960396039604,0.05172413793103448,0.02857142857142857,13.101604278074866,0.5555555555555556,0.10084033613445378,0.017204301075268817,0.1038374717832957,0.035211267605633804,0.10211946050096339,0.025813692480359147,0.031746031746031744,0.011152416356877323,0.014285714285714285,0.037900874635568516,0.024096385542168676,0.10975609756097561,0.08304498269896193,0.1267605633802817,0.09970674486803519,0.11764705882352941,0.019230769230769232,0.6428571428571429,0.26244343891402716,0.6551724137931034,0.6909090909090909,0.7894736842105263,0.1583710407239819,0.45714285714285713,0.47058823529411764,0.75,0.03619909502262444,0.375,0.375,0.6666666666666666,0.17194570135746606,0.47368421052631576,0.47368421052631576,1.0,0.37104072398190047,0.4024390243902439,0.4074074074074074,0.9393939393939394,0.23076923076923078,0.3333333333333333,0.15384615384615385,0.3076923076923077,0.2222222222222222,0.625,0.25,0.5555555555555556,0.3333333333333333,0.5833333333333334,0.8054298642533937,0.4074074074074074,0.5247668181818181,0.5662777777777779,0.5324847222222222,0.0954356846473029,0.19008264462809918,0.037383177570093455,0.22429906542056074,5.263366336633663,24.780000000000005,0.18195193722412947,1.0,2.0,1.0,1.0,2.0,0.0,5.0,0.0,0.3333333333333333,0.008333333333333333,0.0,0.012195121951219513,0.03571428571428571,1.0,0.25,1.0,0.0,0.0,0.0,0.0,1.0,0.0,0.0,1.0,0.0,0.5,1.0,0.0,0.0
1627673,1611661313,Jonquel Jones,Jonquel Jones,1627673,NYL,49780.0,830,140,1625,1620,301,240,157,3245,63.0,92.0,8.0,14.0,8.0,13.0,26.0,73.0,8.0,16.0,16.0,29.0,5.0,4.0,6.0,37.0,96.0,3.0,4.0,12.0,97.0,181,53.0,125.0,70.0,423,1644,15.0,27.0,8.0,14.0,56.0,14.0,25.0,8.0,18.0,19.0,71.0,146.0,48.0,156.0,3.0,22.0,95.0,37.0,13.0,50.0,35.0,85.0,29.0,6.0,27.0,16.0,7.0,205.0,17.0,28.0,66.0,125.0,206.0,45.0,251,10.0,15.0,9.0,6.0,31.0,9.0,16.0,34.0,4.0,15.0,0.0,2.0,65.0,3.0,11.0,32.0,79.0,0.0,3.0,18.0,2.0,95,6.0,1.0,91.0,7.0,42.0,7.0,32.0,1.0,0.0,2.0,17.0,33.0,15.0,0.0,71.0,299,4.0,7.0,0.7525773195876289,0.8488372093023255,0.9811320754716981,0.424,0.4444444444444444,0.4274193548387097,0.5359116022099447,0.5555555555555556,0.56,0.576797385620915,0.6,0.6046511627906976,0.6077586206896551,0.6222222222222222,0.6454545454545455,0.4084967320261438,0.0718232044198895,0.05434782608695652,0.0958904109589041,22.96996662958843,0.47692307692307695,0.25252525252525254,0.08,0.19879518072289157,0.0480225988700565,0.2309552599758162,0.06392045454545454,0.09803921568627451,0.08247422680412371,0.037037037037037035,0.05338078291814947,0.0273972602739726,0.2635135135135135,0.26576576576576577,0.216,0.19215686274509805,0.22077922077922077,0.07092198581560284,0.45454545454545453,0.3006535947712418,0.6847826086956522,0.7241379310344828,0.7936507936507936,0.238562091503268,0.3561643835616438,0.3939393939393939,0.6538461538461539,0.05228758169934641,0.5,0.5333333333333333,0.75,0.09477124183006536,0.5517241379310345,0.5517241379310345,1.0,0.3137254901960784,0.3854166666666667,0.3854166666666667,0.972972972972973,0.4,0.5714285714285714,0.14285714285714285,0.08571428571428572,0.3023255813953488,0.6153846153846154,0.13953488372093023,0.6666666666666666,0.27906976744186046,0.3333333333333333,0.7091503267973857,0.3894736842105263,0.5160350819672129,0.522904,0.5009047619047619,0.12316715542521994,0.19444444444444445,0.13238770685579196,0.16784869976359337,5.58950276243094,24.747200000000007,0.18523076923076923,1.0,4.0,1.0,0.0,15.0,0.0,13.0,1.0,0.5,0.0,0.0,0.0,0.375,0.0,0.3333333333333333,1.0,0.0,0.0625,0.0,0.0,0.0,0.0,0.0,3.0,1.0,0.6,1.0,0.0,0.0
1642301,1611661313,Marquesha Davis,Marquesha Davis,1642301,NYL,1856.0,31,2,60,58,27,21,7,118,0.0,0.0,0.0,0.0,0.0,0.0,1.0,1.0,0.0,0.0,0.0,2.0,0.0,0.0,1.0,0.0,1.0,0.0,0.0,1.0,1.0,1,0.0,3.0,6.0,8,51,0.0,0.0,0.0,0.0,0.0,1.0,1.0,0.0,2.0,3.0,5.0,2.0,0.0,0.0,0.0,0.0,1.0,0.0,0.0,1.0,0.0,1.0,0.0,0.0,1.0,0.0,0.0,2.0,1.0,0.0,3.0,1.0,4.0,1.0,5,0.0,0.0,0.0,0.0,0.0,1.0,0.0,3.0,1.0,0.0,1.0,0.0,3.0,1.0,2.0,1.0,2.0,0.0,0.0,0.0,0.0,4,0.0,0.0,7.0,1.0,4.0,0.0,1.0,0.0,0.0,0.0,0.0,1.0,1.0,0.0,5.0,27,0.0,0.0,1.0,1.0,0.0,0.0,0.0,0.0,1.0,0.0,1.0,0.25,0.0,0.3333333333333333,0.5714285714285714,0.0,0.625,0.75,0.0,0.0,0.0,14.492753623188406,0.0,0.07692307692307693,0.0,0.17647058823529413,0.1111111111111111,0.13333333333333333,0.045454545454545456,0.0,0.0,0.0,0.2,0.0,0.0,0.16666666666666666,0.0,0.2,0.0,0.0,1.0,0.0,0.0,0.0,0.0,0.25,1.0,1.0,1.0,0.0,0.0,0.0,0.0,0.5,0.0,0.0,0.0,0.25,0.0,0.0,0.0,0.0,0.0,0.0,0.0,0.0,0.0,0.3333333333333333,0.0,0.3333333333333333,0.0,0.75,0.0,0.382525,0.0,0.3402833333333333,0.5714285714285714,1.0,0.0,0.625,7.3,23.53333333333333,0.45,0.0,0.0,0.0,0.0,0.0,0.0,1.0,0.0,0.0,0.0,0.0,0.0,0.0,0.0,0.0,0.0,0.0,0.0,0.0,0.0,0.0,0.0,0.0,0.0,0.0,0.0,0.0,0.0,0.0
1642320,1611661313,Jaylyn Sherrod,Jaylyn Sherrod,1642320,NYL,5650.0,94,-37,207,212,62,50,23,419,3.0,4.0,0.0,0.0,0.0,0.0,0.0,3.0,0.0,2.0,0.0,4.0,0.0,0.0,2.0,3.0,7.0,2.0,0.0,1.0,3.0,9,3.0,11.0,7.0,22,220,0.0,0.0,2.0,0.0,3.0,0.0,3.0,0.0,3.0,0.0,0.0,2.0,4.0,9.0,0.0,0.0,7.0,3.0,2.0,7.0,3.0,10.0,3.0,0.0,2.0,3.0,2.0,23.0,1.0,1.0,8.0,1.0,9.0,2.0,11,0.0,10.0,4.0,6.0,4.0,3.0,3.0,7.0,1.0,1.0,1.0,1.0,11.0,0.0,3.0,6.0,17.0,0.0,2.0,1.0,0.0,12,0.0,3.0,9.0,3.0,6.0,0.0,0.0,0.0,0.0,0.0,0.0,0.0,0.0,0.0,0.0,62,3.0,0.0,0.3333333333333333,0.3333333333333333,1.0,0.2727272727272727,0.0,0.2727272727272727,0.3333333333333333,0.0,0.0,0.375,0.75,0.0,0.4782608695652174,0.75,0.0,0.55,0.2222222222222222,0.25,0.3333333333333333,14.592274678111588,0.36363636363636365,0.020833333333333332,0.020833333333333332,0.18181818181818182,0.020833333333333332,0.09782608695652174,0.020833333333333332,0.06666666666666667,0.0,0.0,0.02857142857142857,0.0,0.0,0.03571428571428571,0.0,0.17073170731707318,0.3333333333333333,0.0,0.0,0.2,0.75,1.0,0.3333333333333333,0.15,0.0,0.0,0.0,0.1,0.0,0.0,0.0,0.2,0.0,0.0,0.0,0.35,0.42857142857142855,0.42857142857142855,1.0,0.0,0.0,0.0,1.0,0.0,0.0,0.3333333333333333,0.0,0.16666666666666666,0.0,0.75,0.42857142857142855,0.49319500000000005,0.52455,0.30625833333333335,0.2608695652173913,0.5,0.13636363636363635,0.0,6.822222222222222,24.509090909090904,0.2995169082125604,1.0,1.0,0.0,1.0,0.0,0.0,0.0,0.0,0.5,0.09090909090909091,0.25,0.0,0.0,0.0,0.5,1.0,0.0,0.0,0.0,0.0,0.0,0.0,0.0,0.0,0.0,0.0,0.0,0.0,0.0
1631055,1611661313,Nyara Sabally,Nyara Sabally,1631055,NYL,17682.0,295,-3,605,608,97,65,64,1213,23.0,37.0,9.0,12.0,8.0,9.0,10.0,29.0,3.0,3.0,0.0,3.0,0.0,0.0,0.0,1.0,4.0,0.0,0.0,1.0,36.0,69,1.0,7.0,17.0,92,637,12.0,17.0,0.0,4.0,28.0,9.0,14.0,0.0,1.0,4.0,22.0,42.0,30.0,3.0,0.0,20.0,4.0,1.0,10.0,7.0,6.0,13.0,3.0,3.0,3.0,1.0,3.0,32.0,7.0,18.0,11.0,36.0,50.0,27.0,77,3.0,9.0,7.0,2.0,3.0,2.0,1.0,13.0,4.0,2.0,0.0,0.0,16.0,3.0,0.0,19.0,37.0,1.0,1.0,6.0,0.0,23,3.0,0.0,25.0,3.0,11.0,3.0,17.0,0.0,0.0,0.0,9.0,17.0,11.0,0.0,22.0,97,4.0,3.0,0.5833333333333334,0.8076923076923077,1.0,0.14285714285714285,0.0,0.14285714285714285,0.5217391304347826,0.7058823529411765,0.6428571428571429,0.4934210526315789,0.7058823529411765,0.6,0.5287356321839081,0.7,0.5789473684210527,0.09210526315789473,0.14492753623188406,0.08108108108108109,0.2413793103448276,15.214180206794683,0.1875,0.21951219512195122,0.1125,0.07913669064748201,0.0546875,0.1551155115511551,0.08680555555555555,0.13043478260869565,0.09523809523809523,0.13333333333333333,0.07291666666666667,0.0,0.17391304347826086,0.24719101123595505,0.20689655172413793,0.09821428571428571,0.0,0.10344827586206896,0.6470588235294118,0.4868421052631579,0.6216216216216216,0.6764705882352942,0.5217391304347826,0.3815789473684211,0.3448275862068966,0.45454545454545453,0.6,0.039473684210526314,1.0,1.0,1.0,0.039473684210526314,0.0,0.0,0.0,0.05263157894736842,0.25,0.25,1.0,0.7058823529411765,0.75,0.0,0.0,0.6,0.8888888888888888,0.0,0.0,0.06666666666666667,0.0,0.5789473684210527,0.25,0.5174447368421053,0.5873266666666667,0.5394866666666668,0.13095238095238096,0.14285714285714285,0.30434782608695654,0.2391304347826087,4.41449275362319,24.242857142857144,0.16033057851239668,0.0,0.0,0.0,0.0,3.0,0.0,8.0,0.0,0.0,0.0,0.0,0.0,0.2727272727272727,0.0,0.0,0.0,0.0,0.0,2.0,0.2,0.0,0.0,0.0,0.0,0.0,0.0,0.0,0.0,0.0
1642792,1611661322,Kiki Iriafen,Kiki Iriafen,1642792,WAS,70220.0,1170,-95,2318,2316,571,508,256,4634,147.0,230.0,35.0,51.0,45.0,57.0,45.0,139.0,28.0,75.0,0.0,1.0,0.0,0.0,0.0,2.0,10.0,0.0,1.0,2.0,220.0,444,2.0,11.0,138.0,584,2433,45.0,74.0,0.0,31.0,121.0,55.0,98.0,1.0,2.0,47.0,160.0,328.0,112.0,6.0,0.0,64.0,10.0,2.0,36.0,47.0,22.0,69.0,18.0,4.0,28.0,11.0,8.0,160.0,32.0,77.0,103.0,137.0,262.0,114.0,376,16.0,26.0,18.0,8.0,47.0,7.0,21.0,48.0,1.0,26.0,1.0,14.0,95.0,13.0,21.0,52.0,126.0,1.0,19.0,23.0,0.0,145,6.0,0.0,176.0,20.0,86.0,11.0,7.0,0.0,0.0,0.0,3.0,7.0,3.0,1.0,160.0,566,10.0,11.0,0.7454545454545455,0.8723404255319149,1.0,0.18181818181818182,0.5,0.18181818181818182,0.4954954954954955,0.6081081081081081,0.5612244897959183,0.4901098901098901,0.6081081081081081,0.565,0.5488721804511278,0.6875,0.6299212598425197,0.024175824175824177,0.08108108108108109,0.09130434782608696,0.1079136690647482,23.986228003060443,0.49473684210526314,0.2238562091503268,0.11015736766809728,0.23198198198198197,0.10457516339869281,0.22727272727272727,0.10845771144278607,0.10144927536231885,0.13333333333333333,0.07407407407407407,0.11946902654867257,0.0625,0.21052631578947367,0.2140468227424749,0.2605633802816901,0.2415902140672783,0.20512820512820512,0.08421052631578947,0.42857142857142855,0.5054945054945055,0.6391304347826087,0.7033492822966507,0.7142857142857143,0.3054945054945055,0.3237410071942446,0.3629032258064516,0.7111111111111111,0.16483516483516483,0.37333333333333335,0.37333333333333335,0.9642857142857143,0.002197802197802198,0.0,0.0,0.0,0.02197802197802198,0.2,0.2,1.0,0.6891891891891891,0.6862745098039216,0.0,0.0,0.57,0.7894736842105263,0.0,0.0,0.02,0.5,0.5296703296703297,0.2,0.4952301098901098,0.5320137931034481,0.5007565,0.16506717850287908,0.16862745098039217,0.2071917808219178,0.273972602739726,6.378828828828826,25.245454545454546,0.2463330457290768,0.0,0.0,0.0,0.0,22.0,0.0,4.0,1.0,0.0,0.0,0.0,0.0,0.4583333333333333,0.14285714285714285,0.0,0.0,0.0,0.0,5.0,0.07246376811594203,0.0,0.0,0.0,0.0,0.0,0.0,0.0,0.0,0.0
1642802,1611661322,Lucy Olsen,Lucy Olsen,1642802,WAS,29864.0,498,-122,997,999,285,291,115,1996,11.0,14.0,1.0,1.0,2.0,2.0,19.0,40.0,17.0,35.0,5.0,19.0,1.0,1.0,6.0,14.0,51.0,3.0,3.0,8.0,47.0,89,19.0,70.0,14.0,165,1102,6.0,11.0,4.0,0.0,12.0,10.0,20.0,4.0,14.0,8.0,40.0,42.0,52.0,54.0,3.0,2.0,51.0,14.0,5.0,40.0,9.0,49.0,4.0,5.0,23.0,13.0,4.0,107.0,4.0,7.0,20.0,17.0,37.0,11.0,48,2.0,15.0,10.0,5.0,15.0,1.0,8.0,6.0,0.0,7.0,0.0,1.0,21.0,1.0,6.0,22.0,45.0,0.0,1.0,3.0,1.0,22,0.0,3.0,17.0,2.0,6.0,3.0,4.0,1.0,1.0,0.0,2.0,5.0,3.0,0.0,40.0,284,5.0,1.0,0.44680851063829785,0.45652173913043476,0.9473684210526315,0.2714285714285714,0.2857142857142857,0.2714285714285714,0.5280898876404494,0.5454545454545454,0.5,0.4748427672955975,0.4,0.47058823529411764,0.4940119760479042,0.4,0.5263157894736842,0.44025157232704404,0.056179775280898875,0.07142857142857142,0.075,16.562778272484415,0.7142857142857143,0.0752212389380531,0.023178807947019868,0.10152284263959391,0.025806451612903226,0.08747044917257683,0.024070021881838075,0.0,0.04929577464788732,0.0,0.03361344537815126,0.0,0.13333333333333333,0.05084745762711865,0.0625,0.09558823529411764,0.11475409836065574,0.023255813953488372,0.6,0.0880503144654088,0.7857142857142857,0.8461538461538461,0.45454545454545453,0.25157232704402516,0.475,0.5135135135135135,0.2631578947368421,0.22012578616352202,0.4857142857142857,0.5,0.6470588235294118,0.11949685534591195,0.2631578947368421,0.2631578947368421,1.0,0.32075471698113206,0.27450980392156865,0.28,0.9285714285714286,0.06666666666666667,1.0,0.06666666666666667,0.2,0.058823529411764705,1.0,0.17647058823529413,0.16666666666666666,0.23529411764705882,0.375,0.5283018867924528,0.27450980392156865,0.46356855345911946,0.4608607142857143,0.4435602941176471,0.042682926829268296,0.06451612903225806,0.07272727272727272,0.24242424242424243,10.980898876404494,24.92285714285714,0.2858575727181545,0.0,0.0,0.0,1.0,0.0,1.0,2.0,0.0,0.0,0.014285714285714285,0.0,0.0196078431372549,0.0,0.0,0.0,0.0,0.014084507042253521,0.02857142857142857,0.0,0.0,0.0,0.0,0.0,0.0,0.0,0.0,0.0,0.0,0.0
1631022,1611661322,Shakira Austin,Shakira Austin,1631022,WAS,51826.0,864,-111,1681,1670,353,331,183,3351,118.0,179.0,28.0,43.0,22.0,39.0,54.0,169.0,17.0,48.0,0.0,1.0,0.0,0.0,0.0,2.0,14.0,4.0,1.0,5.0,189.0,396,2.0,15.0,97.0,481,1740,34.0,64.0,4.0,9.0,77.0,33.0,82.0,1.0,5.0,26.0,95.0,258.0,120.0,6.0,0.0,34.0,14.0,2.0,38.0,40.0,28.0,68.0,18.0,10.0,28.0,7.0,5.0,164.0,15.0,36.0,64.0,113.0,185.0,57.0,242,5.0,41.0,28.0,13.0,51.0,16.0,28.0,41.0,5.0,23.0,0.0,8.0,92.0,12.0,15.0,51.0,81.0,0.0,2.0,7.0,0.0,121,5.0,2.0,146.0,26.0,75.0,11.0,40.0,3.0,1.0,2.0,18.0,43.0,25.0,4.0,95.0,351,5.0,11.0,0.6825396825396826,0.75,1.0,0.13333333333333333,0.2,0.13333333333333333,0.4772727272727273,0.53125,0.4024390243902439,0.46715328467153283,0.5,0.39655172413793105,0.5106157112526539,0.5273972602739726,0.4567307692307692,0.0364963503649635,0.09595959595959595,0.061452513966480445,0.15384615384615385,29.58486600105097,0.5543478260869565,0.255079006772009,0.06545454545454546,0.20846905537459284,0.06976744186046512,0.236,0.06666666666666667,0.08571428571428572,0.051094890510948905,0.06930693069306931,0.07006369426751592,0.06896551724137931,0.23140495867768596,0.2681818181818182,0.2549019607843137,0.20675105485232068,0.21428571428571427,0.027932960893854747,0.5813953488372093,0.43552311435523117,0.659217877094972,0.7023809523809523,0.711864406779661,0.41119221411192214,0.31952662721893493,0.3776223776223776,0.5925925925925926,0.11678832116788321,0.3541666666666667,0.3617021276595745,0.7647058823529411,0.0024330900243309003,0.0,0.0,0.0,0.0340632603406326,0.14285714285714285,0.14285714285714285,1.0,0.6323529411764706,0.6511627906976745,0.0,0.058823529411764705,0.4482758620689655,0.5641025641025641,0.0,0.0,0.05747126436781609,0.2,0.4720194647201946,0.14285714285714285,0.4752974452554744,0.4918947916666667,0.461766091954023,0.16304347826086957,0.16853932584269662,0.1600831600831601,0.19750519750519752,6.115656565656565,24.966666666666665,0.2099940511600238,0.0,0.0,0.0,0.0,8.0,0.0,20.0,0.0,0.0,0.0,0.0,0.0,0.23529411764705882,0.39285714285714285,0.0,0.0,0.0,0.020833333333333332,6.0,0.1111111111111111,0.0,0.0,0.0,0.0,2.0,0.0,0.0,0.0,0.0
1630134,1611661322,Sug Sutton,Sug Sutton,1630134,WAS,65907.9,1098,-46,2156,2159,490,437,229,4315,28.0,46.0,4.0,4.0,9.0,10.0,35.0,82.0,14.0,35.0,8.0,25.0,2.0,1.0,3.0,34.0,94.0,5.0,8.0,22.0,77.0,163,42.0,119.0,37.0,317,2209,7.0,11.0,7.0,0.0,23.0,18.0,32.0,9.0,25.0,16.0,79.0,46.0,108.0,102.0,24.0,2.0,93.0,34.0,10.0,128.0,38.0,166.0,27.0,11.0,73.0,35.0,20.0,370.0,3.0,5.0,37.0,31.0,69.0,8.0,77,1.0,33.0,23.0,10.0,47.0,20.0,33.0,36.0,7.0,14.0,1.0,4.0,83.0,6.0,12.0,20.0,58.0,0.0,2.0,2.0,1.0,53,5.0,8.0,48.0,3.0,18.0,8.0,3.0,0.0,0.0,0.0,0.0,3.0,2.0,0.0,77.0,487,5.0,6.0,0.2987012987012987,0.3026315789473684,0.8095238095238095,0.35294117647058826,0.36,0.3559322033898305,0.4723926380368098,0.6363636363636364,0.5625,0.49645390070921985,0.6388888888888888,0.5526315789473685,0.519672131147541,0.6388888888888888,0.5808823529411765,0.4219858156028369,0.06134969325153374,0.043478260869565216,0.08536585365853659,15.958762886597938,0.5662650602409639,0.05254237288135593,0.007680491551459293,0.08726415094339622,0.010067114093959731,0.0670611439842209,0.008429926238145416,0.0,0.012269938650306749,0.007142857142857143,0.013392857142857142,0.0,0.03289473684210526,0.05067567567567568,0.07746478873239436,0.08544303797468354,0.09259259259259259,0.006802721088435374,0.6666666666666666,0.16312056737588654,0.6086956521739131,0.6363636363636364,0.2857142857142857,0.2907801418439716,0.4268292682926829,0.4666666666666667,0.34285714285714286,0.12411347517730496,0.4,0.4117647058823529,0.21428571428571427,0.08865248226950355,0.32,0.32,1.0,0.3333333333333333,0.3617021276595745,0.3617021276595745,0.7647058823529411,0.2222222222222222,1.0,0.1111111111111111,0.2777777777777778,0.17543859649122806,0.9,0.05263157894736842,0.3333333333333333,0.38596491228070173,0.36363636363636365,0.5851063829787234,0.3655913978494624,0.4800373665480427,0.4799791666666667,0.48025178571428573,0.06060606060606061,0.10112359550561797,0.07255520504731862,0.24921135646687698,8.860122699386505,25.310924369747898,0.22727272727272727,2.0,3.0,1.0,0.0,1.0,0.0,3.0,0.0,0.42857142857142855,0.0,0.0,0.0,0.02040816326530612,0.25,0.4,1.0,0.0,0.02857142857142857,0.0,0.0,0.0,0.0,0.0,1.0,0.0,0.5,1.0,0.0,0.0
202252,1611661322,Alysha Clark,Alysha Clark,202252,WAS,18775.0,313,-122,647,649,126,145,63,1296,7.0,14.0,0.0,0.0,1.0,2.0,8.0,10.0,0.0,4.0,4.0,14.0,2.0,0.0,0.0,6.0,27.0,3.0,0.0,4.0,15.0,28,10.0,41.0,8.0,68,720,0.0,0.0,5.0,0.0,3.0,2.0,6.0,0.0,4.0,6.0,10.0,26.0,4.0,27.0,3.0,0.0,27.0,6.0,2.0,16.0,7.0,23.0,7.0,0.0,9.0,3.0,4.0,53.0,3.0,4.0,25.0,20.0,46.0,7.0,53,2.0,7.0,6.0,1.0,2.0,1.0,2.0,3.0,0.0,0.0,0.0,0.0,5.0,0.0,2.0,13.0,28.0,0.0,1.0,2.0,0.0,26,2.0,1.0,13.0,1.0,3.0,4.0,2.0,0.0,0.0,0.0,2.0,2.0,1.0,0.0,10.0,126,2.0,4.0,0.8666666666666667,0.8666666666666667,0.9,0.24390243902439024,0.0,0.24390243902439024,0.5357142857142857,0.0,0.3333333333333333,0.43478260869565216,0.3,0.2,0.4533333333333333,0.3,0.3333333333333333,0.5942028985507246,0.07142857142857142,0.14285714285714285,0.0,11.204481792717088,0.4,0.12345679012345678,0.021505376344086023,0.17857142857142858,0.027522935779816515,0.1490066225165563,0.023728813559322035,0.0392156862745098,0.022222222222222223,0.0,0.012048192771084338,0.07692307692307693,0.10869565217391304,0.16,0.07317073170731707,0.19801980198019803,0.1282051282051282,0.047619047619047616,0.5,0.2028985507246377,0.5,0.5833333333333334,0.8571428571428571,0.14492753623188406,0.8,0.8,0.875,0.057971014492753624,0.0,0.0,0.0,0.2028985507246377,0.2857142857142857,0.2857142857142857,1.0,0.391304347826087,0.2222222222222222,0.2222222222222222,0.8333333333333334,0.0,0.0,0.4,0.6,0.2,0.5,0.0,0.0,0.4,0.0,0.7971014492753623,0.2222222222222222,0.5201804347826086,0.5814375,0.48050500000000007,0.04225352112676056,0.1,0.04411764705882353,0.14705882352941177,6.460714285714286,24.385365853658538,0.1947449768160742,1.0,1.0,0.0,0.0,1.0,0.0,0.0,0.0,0.2,0.0,0.0,0.0,0.06666666666666667,0.0,0.3333333333333333,1.0,0.0,0.0,0.0,0.0,0.0,0.0,0.0,0.0,0.0,0.0,0.0,0.0,0.0
1631083,1611661322,Emily Engstler,Emily Engstler,1631083,WAS,31011.0,517,-69,1012,1014,317,317,116,2026,27.0,34.0,6.0,6.0,8.0,8.0,9.0,31.0,1.0,6.0,6.0,22.0,3.0,1.0,7.0,10.0,41.0,4.0,1.0,7.0,37.0,71,16.0,63.0,24.0,146,1096,7.0,10.0,7.0,2.0,25.0,13.0,19.0,2.0,14.0,12.0,44.0,42.0,32.0,48.0,0.0,12.0,39.0,10.0,3.0,44.0,14.0,58.0,11.0,3.0,20.0,15.0,9.0,130.0,7.0,22.0,39.0,49.0,93.0,37.0,130,2.0,28.0,21.0,7.0,17.0,9.0,14.0,21.0,2.0,3.0,1.0,1.0,38.0,5.0,9.0,33.0,52.0,1.0,1.0,5.0,0.0,29,4.0,1.0,36.0,2.0,11.0,8.0,20.0,7.0,4.0,2.0,8.0,27.0,9.0,0.0,44.0,315,2.0,8.0,0.5675675675675675,0.6774193548387096,1.0,0.25396825396825395,0.14285714285714285,0.26229508196721313,0.5211267605633803,0.7,0.6842105263157895,0.4552238805970149,0.6764705882352942,0.48484848484848486,0.48344370860927155,0.6944444444444444,0.5238095238095238,0.4701492537313433,0.04225352112676056,0.029411764705882353,0.06451612903225806,16.49214659685864,0.4473684210526316,0.19444444444444445,0.07801418439716312,0.18396226415094338,0.04375,0.1896551724137931,0.06561085972850679,0.013513513513513514,0.09420289855072464,0.11428571428571428,0.03418803418803419,0.06976744186046512,0.17391304347826086,0.1640625,0.2909090909090909,0.174496644295302,0.20634920634920634,0.0273972602739726,0.3333333333333333,0.2537313432835821,0.7941176470588235,0.8181818181818182,0.5185185185185185,0.23134328358208955,0.2903225806451613,0.3103448275862069,0.6666666666666666,0.04477611940298507,0.16666666666666666,0.16666666666666666,1.0,0.16417910447761194,0.2727272727272727,0.2727272727272727,1.0,0.30597014925373134,0.24390243902439024,0.24390243902439024,1.0,0.35294117647058826,1.0,0.17647058823529413,0.23529411764705882,0.24242424242424243,1.0,0.21212121212121213,0.14285714285714285,0.21212121212121213,0.14285714285714285,0.7238805970149254,0.2564102564102564,0.5129348484848486,0.5843375000000001,0.4986177419354838,0.07692307692307693,0.1375,0.17123287671232876,0.3013698630136986,5.585915492957747,25.276190476190475,0.3132411067193676,2.0,3.0,2.0,0.0,5.0,0.0,10.0,0.0,0.42857142857142855,0.0,0.0,0.0,0.18518518518518517,0.0,0.5,1.0,0.0,0.0,8.0,0.24242424242424243,0.0,0.0,0.0,1.0,3.0,0.3333333333333333,1.0,0.0,0.0
1642810,1611661322,Madison Scott,Madison Scott,1642810,WAS,2808.0,47,-7,89,94,28,29,10,183,2.0,5.0,0.0,0.0,1.0,2.0,2.0,3.0,1.0,2.0,0.0,1.0,0.0,0.0,0.0,0.0,0.0,0.0,0.0,0.0,5.0,10,0.0,1.0,4.0,14,105,0.0,0.0,0.0,0.0,0.0,2.0,3.0,0.0,0.0,0.0,4.0,10.0,0.0,0.0,0.0,0.0,0.0,0.0,2.0,1.0,1.0,2.0,1.0,0.0,0.0,0.0,1.0,5.0,1.0,0.0,0.0,0.0,0.0,1.0,1,0.0,2.0,1.0,1.0,1.0,0.0,1.0,0.0,0.0,0.0,0.0,0.0,1.0,1.0,0.0,2.0,8.0,0.0,1.0,0.0,0.0,3,1.0,0.0,4.0,0.0,2.0,0.0,0.0,0.0,0.0,0.0,0.0,0.0,0.0,0.0,4.0,26,2.0,0.0,1.0,1.0,0.0,0.0,0.0,0.0,0.5,0.0,0.6666666666666666,0.45454545454545453,0.0,0.6666666666666666,0.5384615384615384,0.0,0.6666666666666666,0.09090909090909091,0.2,0.4,0.0,13.861386138613861,1.0,0.0,0.0,0.0,0.08333333333333333,0.0,0.027777777777777776,0.0,0.0,0.0,0.09090909090909091,0.0,0.0,0.0,0.0,0.0,0.0,0.0,0.0,0.45454545454545453,0.4,0.6666666666666666,1.0,0.2727272727272727,0.6666666666666666,0.6666666666666666,1.0,0.18181818181818182,0.5,0.5,1.0,0.09090909090909091,0.0,0.0,0.0,0.0,0.0,0.0,0.0,0.0,0.0,0.0,0.0,0.6666666666666666,0.5,0.0,0.0,0.0,0.0,0.5454545454545454,0.0,0.5376863636363637,0.0,0.6440666666666667,0.15384615384615385,0.16666666666666666,0.0,0.2857142857142857,8.68,24.1,0.3146067415730337,0.0,0.0,0.0,0.0,0.0,0.0,0.0,1.0,0.0,0.0,0.0,0.0,0.0,0.0,0.0,0.0,0.0,0.0,0.0,0.0,0.0,0.0,0.0,0.0,0.0,0.0,0.0,0.0,0.0
1631021,1611661322,Sika Koné,Sika Koné,1631021,WAS,4458.0,74,-12,146,151,37,51,18,297,3.0,7.0,2.0,4.0,1.0,3.0,3.0,7.0,0.0,1.0,0.0,0.0,0.0,0.0,0.0,1.0,3.0,0.0,0.0,1.0,6.0,15,1.0,3.0,8.0,23,151,2.0,4.0,0.0,2.0,6.0,1.0,4.0,0.0,1.0,4.0,6.0,6.0,6.0,3.0,0.0,4.0,3.0,1.0,4.0,3.0,2.0,5.0,2.0,0.0,1.0,1.0,1.0,12.0,0.0,3.0,6.0,9.0,15.0,3.0,18,1.0,0.0,0.0,0.0,1.0,1.0,0.0,5.0,2.0,1.0,0.0,1.0,6.0,0.0,1.0,3.0,10.0,0.0,1.0,0.0,0.0,9,3.0,0.0,9.0,1.0,3.0,1.0,0.0,0.0,0.0,0.0,0.0,0.0,0.0,0.0,6.0,37,1.0,1.0,0.5,0.75,1.0,0.3333333333333333,0.0,0.3333333333333333,0.4,0.5,0.25,0.4166666666666667,0.5,0.2,0.5476190476190477,0.6,0.5,0.16666666666666666,0.26666666666666666,0.14285714285714285,0.42857142857142855,16.167664670658684,0.16666666666666666,0.2571428571428571,0.07142857142857142,0.15789473684210525,0.0,0.2054794520547945,0.045454545454545456,0.2,0.045454545454545456,0.06666666666666667,0.0,0.0,0.3333333333333333,0.2777777777777778,0.125,0.15384615384615385,0.16666666666666666,0.14285714285714285,0.0,0.3888888888888889,0.42857142857142855,0.5,0.0,0.3888888888888889,0.42857142857142855,0.75,1.0,0.05555555555555555,0.0,0.0,0.0,0.0,0.0,0.0,0.0,0.16666666666666666,0.3333333333333333,0.3333333333333333,1.0,1.0,0.5,0.0,0.0,0.6,0.3333333333333333,0.0,0.0,0.2,0.0,0.5555555555555556,0.3333333333333333,0.49942499999999995,0.638875,0.51836,0.15,0.17647058823529413,0.2608695652173913,0.2608695652173913,5.993333333333334,25.066666666666666,0.2534246575342466,0.0,0.0,0.0,0.0,0.0,0.0,0.0,0.0,0.0,0.0,0.0,0.0,0.0,0.0,0.0,0.0,0.0,0.0,0.0,0.0,0.0,0.0,0.0,0.0,0.0,0.0,0.0,0.0,0.0
1628279,1611661322,Brittney Sykes,Brittney Sykes,1628279,WAS,46415.0,774,16,1517,1508,382,354,172,3025,64.0,102.0,3.0,4.0,16.0,26.0,27.0,101.0,8.0,48.0,5.0,18.0,1.0,1.0,4.0,16.0,48.0,9.0,5.0,15.0,99.0,251,21.0,66.0,124.0,385,1523,3.0,15.0,10.0,8.0,29.0,27.0,67.0,6.0,19.0,56.0,128.0,88.0,110.0,63.0,0.0,2.0,48.0,16.0,18.0,88.0,20.0,108.0,13.0,7.0,61.0,18.0,9.0,236.0,3.0,8.0,36.0,35.0,73.0,12.0,85,6.0,31.0,23.0,8.0,37.0,18.0,27.0,31.0,4.0,10.0,2.0,1.0,68.0,1.0,18.0,18.0,67.0,4.0,3.0,1.0,4.0,125,3.0,15.0,158.0,15.0,62.0,21.0,7.0,1.0,1.0,0.0,5.0,8.0,6.0,0.0,125.0,380,6.0,17.0,0.4444444444444444,0.4489795918367347,1.0,0.3181818181818182,0.3157894736842105,0.3181818181818182,0.3944223107569721,0.2,0.40298507462686567,0.4116719242902208,0.42,0.4186046511627907,0.49483204134366926,0.5,0.5289256198347108,0.2082018927444795,0.07171314741035857,0.0784313725490196,0.09900990099009901,26.291352292513057,0.5441176470588235,0.089058524173028,0.01680672268907563,0.11428571428571428,0.015957446808510637,0.10028248587570622,0.016566265060240965,0.012903225806451613,0.02145922746781116,0.011363636363636364,0.014814814814814815,0.018867924528301886,0.09565217391304348,0.05670103092783505,0.15476190476190477,0.1228813559322034,0.08860759493670886,0.03529411764705882,0.75,0.3217665615141956,0.6274509803921569,0.6808510638297872,0.421875,0.3186119873817035,0.26732673267326734,0.2967032967032967,0.3333333333333333,0.15141955835962145,0.16666666666666666,0.16666666666666666,1.0,0.056782334384858045,0.2777777777777778,0.2777777777777778,1.0,0.15141955835962145,0.3333333333333333,0.3333333333333333,1.0,0.16,0.75,0.04,0.36,0.3023255813953488,0.6153846153846154,0.046511627906976744,0.25,0.1744186046511628,0.3333333333333333,0.5299684542586751,0.3333333333333333,0.4802714511041009,0.46953750000000005,0.45701802325581387,0.17486338797814208,0.2080536912751678,0.07532467532467532,0.33246753246753247,7.518725099601594,24.795454545454547,0.25181278839815424,4.0,5.0,0.0,0.0,2.0,2.0,2.0,0.0,0.5,0.0,0.0,0.0,0.047619047619047616,0.3333333333333333,0.4444444444444444,1.0,0.029411764705882353,0.0,1.0,0.016666666666666666,1.0,0.0,3.0,1.0,0.0,1.0,1.0,0.0,0.0
1631141,1611661322,Jade Melbourne,Jade Melbourne,1631141,WAS,59490.0,992,-186,1945,1945,512,509,212,3890,38.0,73.0,4.0,4.0,6.0,16.0,24.0,51.0,2.0,6.0,7.0,24.0,1.0,1.0,3.0,19.0,71.0,9.0,6.0,23.0,64.0,130,26.0,95.0,49.0,255,2061,6.0,8.0,10.0,2.0,26.0,11.0,27.0,7.0,26.0,21.0,64.0,66.0,62.0,60.0,18.0,2.0,69.0,19.0,12.0,93.0,31.0,124.0,25.0,6.0,53.0,24.0,16.0,279.0,6.0,11.0,29.0,28.0,63.0,17.0,80,4.0,26.0,14.0,12.0,42.0,16.0,31.0,30.0,4.0,11.0,1.0,6.0,72.0,3.0,14.0,37.0,101.0,2.0,5.0,1.0,0.0,80,2.0,20.0,73.0,7.0,32.0,8.0,8.0,0.0,0.0,0.0,4.0,8.0,4.0,0.0,61.0,510,13.0,6.0,0.515625,0.5238095238095238,0.7692307692307693,0.2736842105263158,0.2692307692307692,0.27956989247311825,0.49230769230769234,0.75,0.4074074074074074,0.4577777777777778,0.6666666666666666,0.4056603773584906,0.4941860465116279,0.6842105263157895,0.463768115942029,0.4222222222222222,0.09230769230769231,0.0821917808219178,0.09803921568627451,15.041020966271649,0.5833333333333334,0.056,0.018612521150592216,0.0741687979539642,0.021660649819494584,0.06397306397306397,0.019585253456221197,0.03208556149732621,0.014285714285714285,0.008064516129032258,0.02336448598130841,0.015873015873015872,0.037037037037037035,0.05907172995780591,0.0703125,0.06944444444444445,0.08737864077669903,0.03571428571428571,0.5,0.3244444444444444,0.5205479452054794,0.5671641791044776,0.5263157894736842,0.22666666666666666,0.47058823529411764,0.5217391304347826,0.4583333333333333,0.02666666666666667,0.3333333333333333,0.4,1.0,0.10666666666666667,0.2916666666666667,0.2916666666666667,1.0,0.31555555555555553,0.2676056338028169,0.2676056338028169,0.6842105263157895,0.2222222222222222,1.0,0.05555555555555555,0.5,0.3018867924528302,0.375,0.05660377358490566,0.3333333333333333,0.4339622641509434,0.2608695652173913,0.7466666666666667,0.2753623188405797,0.5150547085201792,0.5435916666666666,0.49619509803921585,0.128,0.2064516129032258,0.10196078431372549,0.25098039215686274,4.74769230769231,25.930526315789475,0.2632390745501285,4.0,4.0,2.0,0.0,6.0,0.0,4.0,0.0,0.4,0.0,0.0,0.0,0.1016949152542373,0.75,0.4444444444444444,0.5,0.0,0.16666666666666666,0.0,0.0,1.0,0.0,0.0,0.0,0.0,0.0,0.0,0.0,0.0
1642290,1611661322,Aaliyah Edwards,Aaliyah Edwards,1642290,WAS,17353.0,289,-45,564,571,188,164,69,1135,25.0,39.0,2.0,8.0,8.0,10.0,14.0,34.0,6.0,14.0,0.0,2.0,0.0,0.0,2.0,0.0,5.0,0.0,0.0,1.0,45.0,87,0.0,7.0,35.0,125,595,7.0,16.0,0.0,8.0,22.0,14.0,27.0,0.0,3.0,15.0,43.0,70.0,20.0,0.0,0.0,12.0,5.0,0.0,9.0,7.0,2.0,9.0,1.0,1.0,5.0,1.0,1.0,20.0,9.0,14.0,18.0,23.0,44.0,25.0,69,2.0,10.0,9.0,1.0,11.0,2.0,4.0,12.0,1.0,7.0,0.0,2.0,23.0,1.0,6.0,16.0,28.0,1.0,4.0,4.0,0.0,46,4.0,4.0,56.0,6.0,25.0,6.0,3.0,3.0,3.0,0.0,3.0,6.0,2.0,1.0,43.0,188,1.0,6.0,0.7777777777777778,0.8974358974358975,0.0,0.0,0.0,0.0,0.5172413793103449,0.4375,0.5185185185185185,0.4787234042553192,0.4375,0.4666666666666667,0.5252100840336135,0.4782608695652174,0.5,0.07446808510638298,0.10344827586206896,0.10256410256410256,0.11764705882352941,21.846153846153847,0.4782608695652174,0.17557251908396945,0.07650273224043716,0.16363636363636364,0.11688311688311688,0.17012448132780084,0.08846153846153847,0.057692307692307696,0.08737864077669903,0.07142857142857142,0.11475409836065574,0.125,0.11904761904761904,0.1896551724137931,0.22580645161290322,0.1511627906976744,0.20833333333333334,0.05128205128205128,0.3333333333333333,0.4148936170212766,0.6410256410256411,0.7142857142857143,0.84,0.3617021276595745,0.4117647058823529,0.4666666666666667,0.5714285714285714,0.14893617021276595,0.42857142857142855,0.46153846153846156,1.0,0.02127659574468085,0.0,0.0,0.0,0.05319148936170213,0.0,0.0,0.0,0.5,0.25,0.0,0.0,0.3333333333333333,0.8,0.06666666666666667,0.0,0.03333333333333333,0.0,0.48936170212765956,0.0,0.490445744680851,0.4777181818181818,0.4728700000000002,0.22123893805309736,0.2358490566037736,0.176,0.344,6.517241379310346,24.47142857142857,0.3333333333333333,0.0,0.0,0.0,0.0,3.0,0.0,0.0,1.0,0.0,0.0,0.0,0.0,0.16666666666666666,0.0,0.0,0.0,0.0,0.07142857142857142,2.0,0.06896551724137931,0.0,0.0,0.0,0.0,0.0,0.0,0.0,1.0,0.0
1642785,1611661322,Sonia Citron,Sonia Citron,1642785,WAS,83250.0,1388,-111,2733,2728,634,611,299,5461,75.0,106.0,5.0,7.0,18.0,28.0,43.0,123.0,24.0,63.0,22.0,45.0,3.0,4.0,11.0,59.0,137.0,15.0,16.0,37.0,142.0,292,81.0,182.0,130.0,657,2837,11.0,35.0,18.0,7.0,53.0,32.0,62.0,20.0,48.0,65.0,189.0,198.0,86.0,219.0,24.0,4.0,136.0,59.0,24.0,73.0,31.0,104.0,24.0,7.0,41.0,19.0,13.0,239.0,11.0,17.0,71.0,65.0,145.0,29.0,174,11.0,55.0,44.0,11.0,63.0,4.0,45.0,28.0,8.0,18.0,9.0,3.0,91.0,10.0,20.0,43.0,94.0,0.0,3.0,2.0,0.0,171,9.0,21.0,149.0,16.0,48.0,31.0,12.0,5.0,4.0,1.0,5.0,17.0,9.0,0.0,189.0,629,10.0,26.0,0.6971830985915493,0.7071428571428572,0.9012345679012346,0.44505494505494503,0.4166666666666667,0.44751381215469616,0.4863013698630137,0.3142857142857143,0.5161290322580645,0.5559071729957806,0.4339622641509434,0.5636363636363636,0.6061452513966481,0.4649122807017544,0.6573426573426573,0.38396624472573837,0.0821917808219178,0.09433962264150944,0.0975609756097561,20.286085825747723,0.6923076923076923,0.09180790960451977,0.020118343195266272,0.13295880149812733,0.03089887640449438,0.10950080515297907,0.02331390507910075,0.02390438247011952,0.018912529550827423,0.017543859649122806,0.03018867924528302,0.03296703296703297,0.07329842931937172,0.10144927536231885,0.09302325581395349,0.13010204081632654,0.14084507042253522,0.0502283105022831,0.5294117647058824,0.22362869198312235,0.7075471698113207,0.78125,0.6933333333333334,0.25949367088607594,0.34959349593495936,0.38738738738738737,0.7209302325581395,0.13291139240506328,0.38095238095238093,0.39344262295081966,0.6666666666666666,0.0949367088607595,0.4888888888888889,0.5,0.9090909090909091,0.2890295358649789,0.4306569343065693,0.43703703703703706,0.8983050847457628,0.1320754716981132,0.7142857142857143,0.05660377358490566,0.2830188679245283,0.2545454545454545,0.6428571428571429,0.1,0.36363636363636365,0.33636363636363636,0.43243243243243246,0.6075949367088608,0.4338235294117647,0.48775296610169505,0.4557556818181819,0.4792842592592591,0.09486166007905138,0.14814814814814814,0.0806697108066971,0.2876712328767123,8.172945205479454,25.160989010989013,0.23197950969630443,7.0,8.0,1.0,3.0,9.0,0.0,6.0,0.0,0.4444444444444444,0.016483516483516484,0.022222222222222223,0.014598540145985401,0.13043478260869565,0.4,0.4666666666666667,1.0,0.0,0.031746031746031744,1.0,0.013157894736842105,3.0,0.0,7.0,1.0,1.0,0.3333333333333333,1.0,0.0,0.0
1642292,1611661322,Jacy Sheldon,Jacy Sheldon,1642292,WAS,1894.0,32,-8,65,63,23,37,4,128,1.0,2.0,0.0,0.0,0.0,0.0,2.0,2.0,0.0,0.0,0.0,1.0,0.0,0.0,0.0,1.0,5.0,0.0,0.0,1.0,3.0,4,1.0,6.0,4.0,13,77,1.0,1.0,0.0,0.0,2.0,0.0,0.0,0.0,1.0,2.0,2.0,4.0,2.0,3.0,0.0,2.0,5.0,1.0,1.0,1.0,0.0,1.0,0.0,0.0,1.0,0.0,0.0,2.0,1.0,0.0,1.0,1.0,2.0,1.0,3,0.0,0.0,0.0,0.0,1.0,0.0,1.0,0.0,0.0,0.0,0.0,0.0,1.0,0.0,1.0,4.0,5.0,0.0,0.0,0.0,0.0,2,0.0,0.0,5.0,0.0,1.0,0.0,0.0,0.0,0.0,0.0,0.0,0.0,0.0,0.0,2.0,23,1.0,0.0,0.6666666666666666,1.0,1.0,0.16666666666666666,0.0,0.16666666666666666,0.75,1.0,0.0,0.45,1.0,0.0,0.5416666666666666,1.0,0.5,0.6,0.25,0.5,0.0,18.84057971014493,1.0,0.05555555555555555,0.0,0.14285714285714285,0.09090909090909091,0.08,0.03571428571428571,0.0,0.0,0.0,0.1111111111111111,0.0,0.0,0.0,0.25,0.25,0.0,0.0,0.0,0.2,0.5,1.0,1.0,0.2,1.0,1.0,0.5,0.0,0.0,0.0,0.0,0.1,0.0,0.0,0.0,0.5,0.2,0.2,1.0,0.0,0.0,0.0,0.0,0.0,0.0,0.0,0.0,1.0,0.0,0.8,0.2,0.5232699999999999,0.0,0.53355,0.16666666666666666,0.2,0.15384615384615385,0.15384615384615385,4.1,24.416666666666668,0.35384615384615387,0.0,0.0,0.0,0.0,0.0,1.0,0.0,0.0,0.0,0.0,0.0,0.0,0.0,0.0,0.0,0.0,0.14285714285714285,0.0,0.0,0.0,0.0,0.0,0.0,0.0,0.0,0.0,0.0,0.0,0.0
203828,1611661322,Stefanie Dolson,Stefanie Dolson,203828,WAS,37228.100000000006,620,-57,1265,1258,279,251,129,2523,17.0,23.0,3.0,5.0,4.0,4.0,7.0,25.0,9.0,19.0,3.0,10.0,0.0,1.0,2.0,24.0,65.0,5.0,3.0,12.0,33.0,67,27.0,75.0,14.0,161,1296,5.0,10.0,5.0,1.0,17.0,7.0,9.0,4.0,14.0,4.0,30.0,58.0,8.0,81.0,0.0,4.0,65.0,24.0,5.0,40.0,19.0,59.0,15.0,4.0,17.0,18.0,5.0,137.0,10.0,6.0,25.0,53.0,81.0,16.0,97,4.0,12.0,9.0,3.0,14.0,3.0,11.0,15.0,0.0,3.0,0.0,1.0,29.0,4.0,8.0,45.0,97.0,0.0,7.0,11.0,0.0,30,3.0,4.0,20.0,2.0,9.0,2.0,14.0,0.0,0.0,0.0,7.0,14.0,6.0,0.0,30.0,278,7.0,2.0,0.8787878787878788,0.9354838709677419,1.0,0.36,0.2857142857142857,0.36,0.4925373134328358,0.5,0.7777777777777778,0.5176056338028169,0.5333333333333333,0.5652173913043478,0.5331125827814569,0.53125,0.6,0.528169014084507,0.07462686567164178,0.043478260869565216,0.16,12.857142857142858,0.4827586206896552,0.1620795107033639,0.016129032258064516,0.08561643835616438,0.052083333333333336,0.1260096930533118,0.028368794326241134,0.009433962264150943,0.016129032258064516,0.025,0.0625,0.020833333333333332,0.12941176470588237,0.18633540372670807,0.14814814814814814,0.09004739336492891,0.07407407407407407,0.05263157894736842,0.42857142857142855,0.1619718309859155,0.7391304347826086,0.7727272727272727,0.8823529411764706,0.176056338028169,0.28,0.3333333333333333,0.8571428571428571,0.13380281690140844,0.47368421052631576,0.47368421052631576,0.8888888888888888,0.07042253521126761,0.3,0.3,1.0,0.45774647887323944,0.36923076923076925,0.36923076923076925,1.0,0.3333333333333333,0.6,0.0,0.3333333333333333,0.17391304347826086,1.0,0.08695652173913043,0.5,0.5217391304347826,0.25,0.6901408450704225,0.36923076923076925,0.4919820422535214,0.45776249999999996,0.48669347826086945,0.06040268456375839,0.12162162162162163,0.10559006211180125,0.18633540372670807,8.422388059701492,24.850666666666662,0.22055335968379447,2.0,2.0,0.0,0.0,3.0,0.0,7.0,2.0,0.4,0.0,0.0,0.0,0.08333333333333333,0.6666666666666666,0.4,1.0,0.0,0.0,0.0,0.0,0.0,0.0,0.0,0.0,0.0,0.0,0.0,0.0,0.0
1642304,1611661331,Carla Leite,Carla Leite,1642304,GSV,38223.0,637,71,1214,1208,299,273,147,2422,23.0,35.0,4.0,6.0,8.0,10.0,43.0,86.0,7.0,26.0,3.0,9.0,0.0,1.0,2.0,10.0,66.0,9.0,2.0,17.0,73.0,147,13.0,75.0,83.0,268,1165,9.0,14.0,9.0,5.0,26.0,15.0,28.0,3.0,19.0,25.0,64.0,64.0,82.0,36.0,3.0,4.0,64.0,10.0,13.0,44.0,31.0,75.0,27.0,4.0,22.0,17.0,5.0,181.0,6.0,3.0,23.0,12.0,39.0,9.0,48,1.0,26.0,17.0,9.0,36.0,10.0,29.0,21.0,5.0,7.0,0.0,3.0,57.0,5.0,20.0,20.0,55.0,0.0,3.0,1.0,0.0,87,2.0,17.0,99.0,7.0,30.0,8.0,3.0,0.0,0.0,0.0,1.0,3.0,3.0,0.0,63.0,295,10.0,6.0,0.4383561643835616,0.4507042253521127,0.9230769230769231,0.17333333333333334,0.15789473684210525,0.1780821917808219,0.4965986394557823,0.6428571428571429,0.5357142857142857,0.4166666666666667,0.45652173913043476,0.4148936170212766,0.5076045627376425,0.52,0.5333333333333333,0.33783783783783783,0.08843537414965986,0.14285714285714285,0.09302325581395349,23.267687819110137,0.631578947368421,0.03870967741935484,0.01048951048951049,0.0749185667752443,0.02142857142857143,0.05672609400324149,0.015901060070671377,0.02857142857142857,0.006711409395973154,0.0,0.023474178403755867,0.014925373134328358,0.02857142857142857,0.05113636363636364,0.015625,0.0635593220338983,0.11267605633802817,0.008620689655172414,1.0,0.15765765765765766,0.6571428571428571,0.7666666666666667,0.391304347826087,0.38738738738738737,0.5,0.5512820512820513,0.4418604651162791,0.11711711711711711,0.2692307692307692,0.2692307692307692,0.5714285714285714,0.04054054054054054,0.3333333333333333,0.3333333333333333,1.0,0.2972972972972973,0.15151515151515152,0.15873015873015872,0.9,0.2608695652173913,0.6666666666666666,0.0,0.391304347826087,0.2127659574468085,0.8,0.0425531914893617,0.5,0.3617021276595745,0.11764705882352941,0.4954954954954955,0.15625,0.46575386363636373,0.5389100000000001,0.4789766666666668,0.15354330708661418,0.17647058823529413,0.09701492537313433,0.23880597014925373,8.537414965986398,25.817333333333327,0.24629324546952225,1.0,1.0,2.0,3.0,4.0,10.0,2.0,1.0,0.1111111111111111,0.04,0.0,0.045454545454545456,0.1111111111111111,0.5,0.1111111111111111,1.0,0.10714285714285714,0.0,0.0,0.0,1.0,0.0,1.0,0.0,0.0,0.0,0.0,1.0,1.0
1642324,1611661331,Kate Martin,Kate Martin,1642324,GSV,41512.0,692,-17,1307,1313,266,283,171,2620,13.0,29.0,4.0,6.0,4.0,8.0,16.0,45.0,0.0,8.0,13.0,51.0,11.0,2.0,12.0,44.0,133.0,15.0,12.0,30.0,29.0,82,57.0,184.0,32.0,261,1357,5.0,9.0,26.0,2.0,36.0,6.0,17.0,14.0,42.0,11.0,65.0,22.0,36.0,144.0,27.0,6.0,133.0,44.0,14.0,24.0,16.0,40.0,11.0,5.0,12.0,12.0,0.0,96.0,13.0,7.0,39.0,48.0,92.0,20.0,112,2.0,17.0,13.0,4.0,20.0,1.0,13.0,14.0,3.0,7.0,1.0,4.0,34.0,6.0,7.0,24.0,48.0,1.0,8.0,1.0,1.0,30,2.0,1.0,41.0,2.0,9.0,4.0,4.0,0.0,0.0,0.0,1.0,4.0,2.0,0.0,65.0,262,6.0,1.0,0.3793103448275862,0.4230769230769231,0.8421052631578947,0.30978260869565216,0.3333333333333333,0.30978260869565216,0.35365853658536583,0.5555555555555556,0.35294117647058826,0.43045112781954886,0.4857142857142857,0.4576271186440678,0.46099290780141844,0.4864864864864865,0.5,0.6917293233082706,0.17073170731707318,0.10344827586206896,0.2222222222222222,20.822281167108752,0.5882352941176471,0.13872832369942195,0.022364217252396165,0.12264150943396226,0.038461538461538464,0.13102409638554216,0.030721966205837174,0.010869565217391304,0.011494252873563218,0.0851063829787234,0.04065040650406504,0.03260869565217391,0.10294117647058823,0.16080402010050251,0.11392405063291139,0.13253012048192772,0.08695652173913043,0.012422360248447204,0.5,0.10902255639097744,0.4482758620689655,0.5,0.38461538461538464,0.16917293233082706,0.35555555555555557,0.45714285714285713,0.375,0.03007518796992481,0.0,0.0,0.0,0.19172932330827067,0.2549019607843137,0.26,1.0,0.5,0.3308270676691729,0.34108527131782945,0.7954545454545454,0.17142857142857143,0.6666666666666666,0.3142857142857143,0.42857142857142855,0.13559322033898305,0.5,0.2033898305084746,0.16666666666666666,0.5084745762711864,0.4,0.8007518796992481,0.3308270676691729,0.4971046992481204,0.4956596153846152,0.47525593220338985,0.0539568345323741,0.10112359550561797,0.13793103448275862,0.24904214559386972,6.4658536585365844,24.823913043478274,0.2035195103289977,6.0,8.0,0.0,5.0,5.0,6.0,3.0,0.0,0.3076923076923077,0.02717391304347826,0.0196078431372549,0.03007518796992481,0.14705882352941177,0.25,0.4,1.0,0.031746031746031744,0.125,0.0,0.0,0.0,1.0,1.0,2.0,0.0,0.18181818181818182,1.0,1.0,0.0
203866,1611661331,Kayla Thornton,Kayla Thornton,203866,GSV,39745.0,662,20,1270,1278,244,296,179,2548,22.0,41.0,8.0,12.0,2.0,4.0,35.0,78.0,3.0,15.0,12.0,51.0,5.0,5.0,13.0,28.0,91.0,10.0,7.0,13.0,60.0,134,40.0,142.0,68.0,308,1287,15.0,28.0,15.0,14.0,50.0,5.0,14.0,12.0,26.0,8.0,54.0,66.0,54.0,114.0,6.0,18.0,90.0,28.0,9.0,17.0,16.0,33.0,9.0,7.0,10.0,4.0,3.0,82.0,26.0,14.0,55.0,53.0,114.0,40.0,154,6.0,29.0,25.0,4.0,17.0,4.0,5.0,19.0,3.0,12.0,0.0,7.0,36.0,2.0,7.0,14.0,52.0,1.0,4.0,3.0,0.0,56,4.0,3.0,82.0,2.0,26.0,5.0,5.0,0.0,0.0,0.0,3.0,5.0,2.0,1.0,54.0,239,8.0,4.0,0.55,0.6470588235294118,0.95,0.28169014084507044,0.46153846153846156,0.28368794326241137,0.44776119402985076,0.5357142857142857,0.35714285714285715,0.43478260869565216,0.4186046511627907,0.575,0.4919093851132686,0.49,0.5888888888888889,0.5144927536231884,0.06716417910447761,0.07317073170731707,0.07692307692307693,23.337856173677068,0.4722222222222222,0.16158536585365854,0.043343653250773995,0.18518518518518517,0.08150470219435736,0.1728,0.06230529595015576,0.056338028169014086,0.04712041884816754,0.01639344262295082,0.0794979079497908,0.0875,0.24242424242424243,0.12299465240641712,0.18666666666666668,0.18666666666666668,0.18055555555555555,0.0379746835443038,0.4,0.14855072463768115,0.5365853658536586,0.5789473684210527,0.5454545454545454,0.2826086956521739,0.44871794871794873,0.4861111111111111,0.5714285714285714,0.05434782608695652,0.2,0.2,0.3333333333333333,0.18478260869565216,0.23529411764705882,0.24,1.0,0.32971014492753625,0.3076923076923077,0.3076923076923077,0.9285714285714286,0.27906976744186046,0.6666666666666666,0.11627906976744186,0.23255813953488372,0.1,0.5,0.325,0.38461538461538464,0.325,0.5384615384615384,0.6630434782608695,0.3111111111111111,0.49212745454545453,0.5438433333333333,0.4675294871794871,0.10526315789473684,0.16455696202531644,0.16233766233766234,0.17532467532467533,7.151492537313431,24.82957746478873,0.1921259842519685,2.0,2.0,1.0,1.0,6.0,6.0,2.0,0.0,0.13333333333333333,0.007042253521126761,0.0196078431372549,0.0,0.20689655172413793,0.125,0.2,1.0,0.0410958904109589,0.0,0.0,0.0,0.0,2.0,5.0,0.0,0.0,0.0,0.0,0.0,0.0
1642767,1611661331,Janelle Salaün,Janelle Salaün,1642767,GSV,58076.0,968,-14,1800,1802,370,351,241,3602,33.0,48.0,8.0,10.0,5.0,8.0,21.0,60.0,30.0,82.0,16.0,48.0,7.0,2.0,11.0,47.0,124.0,13.0,6.0,25.0,84.0,190,63.0,172.0,50.0,407,1868,13.0,23.0,20.0,6.0,50.0,14.0,31.0,8.0,36.0,15.0,67.0,120.0,48.0,186.0,3.0,8.0,124.0,47.0,6.0,21.0,22.0,43.0,16.0,6.0,6.0,12.0,3.0,108.0,16.0,15.0,66.0,67.0,151.0,32.0,183,7.0,22.0,12.0,10.0,30.0,3.0,18.0,23.0,2.0,12.0,1.0,9.0,53.0,9.0,4.0,26.0,70.0,0.0,13.0,6.0,0.0,75,2.0,1.0,62.0,5.0,23.0,7.0,3.0,0.0,0.0,0.0,2.0,3.0,1.0,0.0,66.0,366,8.0,5.0,0.7142857142857143,0.75,0.9841269841269841,0.36627906976744184,0.2222222222222222,0.36627906976744184,0.4421052631578947,0.5652173913043478,0.45161290322580644,0.4930939226519337,0.5116279069767442,0.3880597014925373,0.5218508997429306,0.5319148936170213,0.4407894736842105,0.47513812154696133,0.031578947368421054,0.041666666666666664,0.05,21.171387421987518,0.5660377358490566,0.1425531914893617,0.032679738562091505,0.15034168564920272,0.03463203463203463,0.14631463146314633,0.033659066232356136,0.008547008547008548,0.0379746835443038,0.047619047619047616,0.0377906976744186,0.025423728813559324,0.13157894736842105,0.13095238095238096,0.18269230769230768,0.15743440233236153,0.125,0.033816425120772944,0.3333333333333333,0.13259668508287292,0.6875,0.717391304347826,0.7575757575757576,0.16574585635359115,0.35,0.3684210526315789,0.42857142857142855,0.2265193370165746,0.36585365853658536,0.37037037037037035,0.8666666666666667,0.13259668508287292,0.3333333333333333,0.3333333333333333,0.9375,0.3425414364640884,0.3790322580645161,0.3821138211382114,1.0,0.23255813953488372,0.8,0.16279069767441862,0.3023255813953488,0.11940298507462686,0.625,0.16417910447761194,0.18181818181818182,0.373134328358209,0.24,0.6077348066298343,0.3790322580645161,0.4761952908587254,0.524925,0.4590679104477612,0.06544502617801047,0.11057692307692307,0.12285012285012285,0.16461916461916462,10.940526315789473,24.80348837209302,0.20555555555555555,4.0,6.0,0.0,1.0,18.0,2.0,1.0,2.0,0.3,0.005813953488372093,0.0,0.008064516129032258,0.43902439024390244,0.625,0.3076923076923077,1.0,0.011494252873563218,0.012195121951219513,1.0,0.02857142857142857,0.0,0.0,2.0,2.0,0.0,0.2857142857142857,1.0,2.0,0.0
1631007,1611661331,Veronica Burton,Veronica Burton,1631007,GSV,77249.0,1287,89,2404,2399,441,446,330,4803,30.0,67.0,0.0,0.0,4.0,10.0,50.0,127.0,8.0,14.0,8.0,15.0,3.0,1.0,3.0,53.0,162.0,25.0,9.0,35.0,88.0,208,61.0,177.0,166.0,525,2437,4.0,9.0,28.0,10.0,54.0,18.0,38.0,10.0,38.0,67.0,133.0,64.0,112.0,138.0,45.0,0.0,158.0,53.0,32.0,134.0,131.0,265.0,96.0,35.0,55.0,54.0,25.0,661.0,29.0,19.0,69.0,68.0,142.0,50.0,192,12.0,50.0,35.0,15.0,66.0,16.0,51.0,28.0,4.0,15.0,1.0,1.0,94.0,10.0,15.0,44.0,103.0,0.0,5.0,1.0,0.0,188,10.0,18.0,189.0,16.0,70.0,27.0,23.0,4.0,3.0,1.0,12.0,27.0,14.0,1.0,129.0,436,8.0,21.0,0.36363636363636365,0.36363636363636365,0.7540983606557377,0.3446327683615819,0.2631578947368421,0.35260115606936415,0.4230769230769231,0.4444444444444444,0.47368421052631576,0.4662337662337662,0.5945945945945946,0.4342105263157895,0.5546038543897216,0.6309523809523809,0.6045454545454545,0.4597402597402597,0.15384615384615385,0.13432835820895522,0.16535433070866143,20.028715003589376,0.7021276595744681,0.1069182389937107,0.03270223752151463,0.11896551724137931,0.04574132492113565,0.11266447368421052,0.03950617283950617,0.02531645569620253,0.041666666666666664,0.018018018018018018,0.05084745762711865,0.030864197530864196,0.09420289855072464,0.08595988538681948,0.16778523489932887,0.14038876889848811,0.03418803418803419,0.06451612903225806,0.5185185185185185,0.17402597402597403,0.44776119402985076,0.5172413793103449,0.3333333333333333,0.32987012987012987,0.3937007874015748,0.4716981132075472,0.38,0.03636363636363636,0.5714285714285714,0.6666666666666666,0.375,0.03896103896103896,0.5333333333333333,0.5714285714285714,0.875,0.42077922077922075,0.3271604938271605,0.33544303797468356,0.7358490566037735,0.0,0.0,0.08108108108108109,0.6756756756756757,0.13157894736842105,0.4,0.039473684210526314,0.3333333333333333,0.4605263157894737,0.2571428571428571,0.6337662337662338,0.33544303797468356,0.48266332453825855,0.517690625,0.46360857142857137,0.16363636363636364,0.26717557251908397,0.10285714285714286,0.25333333333333335,5.888942307692308,26.180790960451983,0.1834442595673877,10.0,12.0,4.0,5.0,5.0,2.0,10.0,0.0,0.42857142857142855,0.02824858757062147,0.06666666666666667,0.024691358024691357,0.09433962264150944,0.0,0.4,0.7,0.011235955056179775,0.14285714285714285,2.0,0.0392156862745098,2.0,1.0,8.0,2.0,1.0,0.6666666666666666,1.0,5.0,0.0
1642822,1611661331,Kaitlyn Chen,Kaitlyn Chen,1642822,GSV,14806.0,247,-23,476,478,125,133,75,954,6.0,11.0,0.0,0.0,2.0,2.0,7.0,20.0,1.0,4.0,2.0,5.0,0.0,0.0,1.0,3.0,10.0,4.0,1.0,5.0,14.0,35,5.0,15.0,5.0,48,489,0.0,1.0,4.0,0.0,3.0,3.0,3.0,1.0,6.0,2.0,11.0,16.0,12.0,15.0,0.0,0.0,9.0,3.0,4.0,14.0,10.0,24.0,10.0,0.0,6.0,6.0,2.0,58.0,3.0,2.0,8.0,9.0,17.0,5.0,22,1.0,5.0,3.0,2.0,13.0,3.0,9.0,5.0,2.0,4.0,0.0,0.0,18.0,5.0,4.0,11.0,16.0,0.0,0.0,0.0,0.0,9,0.0,1.0,7.0,3.0,4.0,1.0,0.0,0.0,0.0,0.0,0.0,0.0,0.0,0.0,10.0,122,2.0,0.0,0.5714285714285714,0.5714285714285714,1.0,0.3333333333333333,0.16666666666666666,0.35714285714285715,0.4,0.0,1.0,0.43,0.3,0.5,0.46153846153846156,0.3,0.55,0.3,0.11428571428571428,0.09090909090909091,0.15,12.4777183600713,0.7222222222222222,0.07563025210084033,0.015267175572519083,0.06299212598425197,0.025,0.06910569105691057,0.0199203187250996,0.0,0.013333333333333334,0.07692307692307693,0.03409090909090909,0.0,0.07692307692307693,0.04411764705882353,0.16,0.06451612903225806,0.058823529411764705,0.043478260869565216,0.0,0.22,0.5454545454545454,0.6,0.5,0.4,0.35,0.4117647058823529,0.5714285714285714,0.08,0.25,0.25,1.0,0.1,0.4,0.4,1.0,0.2,0.3,0.3,1.0,0.0,0.0,0.0,0.8,0.2222222222222222,1.0,0.1111111111111111,0.0,0.5555555555555556,0.2,0.52,0.3333333333333333,0.4570744897959183,0.45955,0.5015875,0.0784313725490196,0.1111111111111111,0.0625,0.22916666666666666,7.339999999999999,28.066666666666663,0.26260504201680673,1.0,1.0,1.0,0.0,0.0,0.0,0.0,2.0,0.25,0.0,0.0,0.0,0.0,0.0,0.25,1.0,0.0,0.0,0.0,0.0,0.0,0.0,0.0,0.0,0.0,0.0,0.0,1.0,0.0
203026,1611661331,Tiffany Hayes,Tiffany Hayes,203026,GSV,41986.0,700,70,1296,1304,278,257,173,2600,32.0,58.0,7.0,12.0,8.0,17.0,24.0,69.0,2.0,9.0,8.0,13.0,3.0,0.0,1.0,33.0,88.0,11.0,5.0,16.0,58.0,136,41.0,101.0,64.0,303,1302,9.0,19.0,14.0,5.0,38.0,17.0,41.0,5.0,17.0,29.0,78.0,34.0,82.0,96.0,27.0,4.0,87.0,33.0,17.0,39.0,38.0,77.0,27.0,11.0,17.0,15.0,7.0,192.0,13.0,5.0,41.0,38.0,82.0,18.0,100,3.0,14.0,6.0,8.0,34.0,9.0,22.0,15.0,4.0,12.0,0.0,2.0,49.0,1.0,7.0,19.0,58.0,0.0,3.0,0.0,0.0,79,8.0,6.0,80.0,3.0,26.0,15.0,4.0,0.0,0.0,0.0,3.0,4.0,3.0,0.0,75.0,275,6.0,13.0,0.29310344827586204,0.30357142857142855,0.7804878048780488,0.40594059405940597,0.29411764705882354,0.41,0.4264705882352941,0.47368421052631576,0.4146341463414634,0.5042194092827004,0.5,0.4224137931034483,0.5490909090909091,0.5135135135135135,0.5064935064935064,0.42616033755274263,0.125,0.10344827586206896,0.15942028985507245,21.628838451268358,0.6938775510204082,0.11014492753623188,0.01592356687898089,0.12462006079027356,0.037900874635568516,0.1172106824925816,0.0273972602739726,0.011235955056179775,0.017241379310344827,0.0196078431372549,0.04048582995951417,0.03125,0.07142857142857142,0.10695187165775401,0.16216216216216217,0.12156862745098039,0.13513513513513514,0.025423728813559324,0.75,0.24472573839662448,0.5517241379310345,0.6153846153846154,0.25,0.2911392405063291,0.34782608695652173,0.41379310344827586,0.375,0.0379746835443038,0.2222222222222222,0.2222222222222222,0.0,0.05485232067510549,0.6153846153846154,0.6153846153846154,1.0,0.37130801687763715,0.375,0.3793103448275862,0.7272727272727273,0.36363636363636365,0.5833333333333334,0.09090909090909091,0.3333333333333333,0.29310344827586204,0.47058823529411764,0.017241379310344827,0.0,0.27586206896551724,0.3125,0.6708860759493671,0.3793103448275862,0.4927510638297872,0.51453,0.46471339285714286,0.1,0.16352201257861634,0.1254125412541254,0.25742574257425743,5.458088235294117,25.388118811881192,0.21450617283950618,4.0,5.0,1.0,1.0,3.0,0.0,1.0,0.0,0.35714285714285715,0.009900990099009901,0.0,0.011363636363636364,0.11538461538461539,0.0,0.36363636363636365,0.75,0.0,0.0,0.0,0.0,0.0,0.0,1.0,1.0,0.0,0.3333333333333333,1.0,2.0,0.0
1628508,1611661331,Cecilia Zandalasini,Cecilia Zandalasini,1628508,GSV,26973.0,450,46,835,830,210,212,96,1665,8.0,12.0,0.0,0.0,1.0,1.0,16.0,33.0,6.0,14.0,4.0,10.0,0.0,0.0,1.0,33.0,81.0,9.0,6.0,16.0,30.0,59,37.0,91.0,28.0,199,829,5.0,9.0,9.0,5.0,15.0,6.0,13.0,6.0,17.0,13.0,43.0,26.0,34.0,96.0,15.0,2.0,81.0,33.0,2.0,24.0,8.0,32.0,6.0,2.0,16.0,7.0,1.0,72.0,4.0,1.0,27.0,23.0,51.0,5.0,56,0.0,18.0,11.0,7.0,20.0,2.0,9.0,5.0,1.0,11.0,0.0,1.0,25.0,0.0,5.0,13.0,33.0,0.0,1.0,1.0,0.0,29,1.0,2.0,32.0,2.0,10.0,6.0,4.0,0.0,0.0,0.0,3.0,4.0,1.0,0.0,43.0,210,3.0,5.0,0.43333333333333335,0.4482758620689655,0.8648648648648649,0.4065934065934066,0.35294117647058826,0.4065934065934066,0.5084745762711864,0.5555555555555556,0.46153846153846156,0.57,0.2777777777777778,0.5,0.603030303030303,0.35714285714285715,0.5657894736842105,0.6066666666666667,0.03389830508474576,0.08333333333333333,0.030303030303030304,20.127795527156547,0.8,0.11057692307692307,0.005405405405405406,0.135,0.018433179723502304,0.12254901960784313,0.012437810945273632,0.018867924528301886,0.0,0.0,0.017543859649122806,0.021739130434782608,0.08620689655172414,0.1346153846153846,0.08695652173913043,0.13725490196078433,0.1276595744680851,0.0,0.25,0.08,0.6666666666666666,0.7272727272727273,0.625,0.22,0.48484848484848486,0.5,0.3125,0.09333333333333334,0.42857142857142855,0.42857142857142855,0.5,0.06666666666666667,0.4,0.4,1.0,0.54,0.4074074074074074,0.4125,0.8484848484848485,0.0,0.0,0.0,0.5,0.03333333333333333,1.0,0.03333333333333333,0.0,0.5333333333333333,0.375,0.6866666666666666,0.4074074074074074,0.4669815436241611,0.4193833333333334,0.40610166666666664,0.06918238993710692,0.14925373134328357,0.07537688442211055,0.21608040201005024,9.50677966101695,25.237362637362637,0.25149700598802394,0.0,0.0,0.0,1.0,1.0,1.0,1.0,0.0,0.0,0.01098901098901099,0.0,0.012345679012345678,0.05263157894736842,0.0,0.0,0.0,0.010869565217391304,0.0,0.0,0.0,0.0,0.0,0.0,0.0,0.0,0.0,0.0,1.0,0.0
1630387,1611661331,Iliana Rupert,Iliana Rupert,1630387,GSV,29189.0,486,74,890,883,162,155,113,1773,10.0,16.0,2.0,4.0,2.0,3.0,10.0,24.0,1.0,9.0,10.0,26.0,2.0,1.0,4.0,36.0,78.0,16.0,6.0,13.0,21.0,49,46.0,104.0,15.0,195,897,3.0,8.0,18.0,0.0,30.0,7.0,11.0,7.0,17.0,2.0,37.0,40.0,2.0,135.0,3.0,2.0,78.0,36.0,8.0,20.0,13.0,33.0,11.0,2.0,8.0,8.0,4.0,79.0,6.0,14.0,25.0,34.0,60.0,21.0,81,3.0,13.0,8.0,5.0,8.0,1.0,6.0,12.0,0.0,2.0,0.0,3.0,20.0,3.0,2.0,25.0,48.0,1.0,1.0,7.0,0.0,22,3.0,1.0,16.0,2.0,8.0,1.0,11.0,1.0,1.0,0.0,6.0,12.0,3.0,0.0,37.0,159,1.0,1.0,0.9523809523809523,1.0,0.9782608695652174,0.4423076923076923,0.4117647058823529,0.4423076923076923,0.42857142857142855,0.375,0.6363636363636364,0.5882352941176471,0.5769230769230769,0.625,0.609375,0.5769230769230769,0.6379310344827587,0.6797385620915033,0.16326530612244897,0.25,0.16666666666666666,17.716535433070867,0.4,0.14345991561181434,0.06763285024154589,0.1091703056768559,0.027522935779816515,0.12660944206008584,0.047058823529411764,0.03333333333333333,0.09259259259259259,0.05128205128205128,0.018633540372670808,0.05263157894736842,0.13333333333333333,0.16521739130434782,0.11290322580645161,0.10362694300518134,0.1388888888888889,0.04,0.25,0.10457516339869281,0.625,0.8333333333333334,0.9,0.1568627450980392,0.4166666666666667,0.5,1.0,0.058823529411764705,0.1111111111111111,0.1111111111111111,1.0,0.16993464052287582,0.38461538461538464,0.4,1.0,0.5098039215686274,0.46153846153846156,0.46153846153846156,0.9722222222222222,0.15384615384615385,0.5,0.07692307692307693,0.6153846153846154,0.10714285714285714,0.6666666666666666,0.14285714285714285,0.25,0.4642857142857143,0.46153846153846156,0.7843137254901961,0.46153846153846156,0.5024493464052288,0.5515222222222222,0.4748821428571429,0.050314465408805034,0.14545454545454545,0.15384615384615385,0.18974358974358974,7.446938775510204,24.595192307692304,0.18202247191011237,7.0,8.0,0.0,1.0,1.0,0.0,5.0,2.0,0.4444444444444444,0.009615384615384616,0.038461538461538464,0.0,0.043478260869565216,0.5,0.4375,0.8571428571428571,0.0,0.0,1.0,0.08333333333333333,0.0,0.0,0.0,1.0,0.0,0.5,1.0,0.0,0.0
1641656,1611661331,Laeticia Amihere,Laeticia Amihere,1641656,GSV,23069.0,384,-8,728,741,199,210,97,1469,34.0,51.0,7.0,14.0,7.0,11.0,14.0,40.0,1.0,2.0,2.0,13.0,2.0,0.0,4.0,1.0,8.0,1.0,0.0,1.0,49.0,93,3.0,21.0,49.0,156,768,8.0,20.0,3.0,12.0,28.0,9.0,21.0,0.0,5.0,16.0,34.0,56.0,42.0,9.0,0.0,10.0,7.0,1.0,13.0,10.0,17.0,27.0,14.0,3.0,3.0,6.0,1.0,71.0,14.0,19.0,45.0,37.0,90.0,35.0,125,8.0,17.0,13.0,4.0,16.0,0.0,5.0,16.0,2.0,11.0,0.0,7.0,32.0,6.0,9.0,19.0,36.0,1.0,2.0,6.0,0.0,45,3.0,2.0,63.0,3.0,27.0,6.0,13.0,0.0,0.0,0.0,8.0,13.0,8.0,0.0,34.0,199,1.0,4.0,0.5714285714285714,0.6363636363636364,1.0,0.14285714285714285,0.0,0.15,0.5268817204301075,0.4,0.42857142857142855,0.4692982456140351,0.34782608695652173,0.34615384615384615,0.5416666666666666,0.4666666666666667,0.4722222222222222,0.18421052631578946,0.13978494623655913,0.0392156862745098,0.25,20.788530465949822,0.5,0.21142857142857144,0.1111111111111111,0.24324324324324326,0.08333333333333333,0.22777777777777777,0.09734513274336283,0.16326530612244897,0.08080808080808081,0.13043478260869565,0.08333333333333333,0.08333333333333333,0.09090909090909091,0.24107142857142858,0.23333333333333334,0.24285714285714285,0.24444444444444444,0.18181818181818182,0.6153846153846154,0.4473684210526316,0.6666666666666666,0.6938775510204082,0.5882352941176471,0.3508771929824561,0.35,0.4666666666666667,0.5,0.017543859649122806,0.5,1.0,1.0,0.11403508771929824,0.15384615384615385,0.15384615384615385,1.0,0.07017543859649122,0.125,0.14285714285714285,1.0,0.6086956521739131,0.5,0.08695652173913043,0.043478260869565216,0.4230769230769231,0.6363636363636364,0.15384615384615385,0.0,0.038461538461538464,0.0,0.631578947368421,0.14285714285714285,0.49584070796460183,0.49239999999999995,0.4822942307692308,0.1956521739130435,0.23076923076923078,0.1794871794871795,0.21794871794871795,4.220430107526884,24.723809523809525,0.2733516483516483,0.0,0.0,1.0,1.0,8.0,0.0,5.0,3.0,0.0,0.047619047619047616,0.0,0.125,0.32,0.14285714285714285,0.0,0.0,0.0,0.5,2.0,0.06896551724137931,2.0,0.0,0.0,0.0,0.0,0.0,0.0,0.0,0.0
1642210,1611661331,Julie Vanloo,Julie Vanloo,1642210,GSV,11094.0,185,-72,363,363,76,96,49,726,0.0,1.0,0.0,0.0,0.0,1.0,5.0,7.0,1.0,2.0,1.0,1.0,0.0,1.0,1.0,7.0,37.0,5.0,0.0,6.0,6.0,10,8.0,38.0,5.0,41,389,0.0,0.0,5.0,0.0,0.0,1.0,2.0,1.0,7.0,2.0,7.0,6.0,6.0,21.0,3.0,0.0,37.0,7.0,0.0,27.0,10.0,37.0,7.0,3.0,13.0,11.0,3.0,84.0,1.0,0.0,6.0,9.0,15.0,2.0,17,0.0,6.0,4.0,2.0,14.0,6.0,13.0,9.0,0.0,1.0,0.0,2.0,23.0,2.0,6.0,7.0,16.0,0.0,1.0,1.0,1.0,10,1.0,4.0,6.0,1.0,2.0,0.0,0.0,0.0,0.0,0.0,0.0,0.0,0.0,0.0,7.0,76,2.0,0.0,0.5,0.5,0.875,0.21052631578947367,0.14285714285714285,0.21052631578947367,0.6,0.0,0.5,0.375,0.0,0.2777777777777778,0.41,0.0,0.35,0.7916666666666666,0.0,0.0,0.0,17.548076923076923,0.6086956521739131,0.09782608695652174,0.0,0.08955223880597014,0.008333333333333333,0.09433962264150944,0.005319148936170213,0.0,0.0,0.0,0.01098901098901099,0.0,0.11764705882352941,0.10909090909090909,0.05,0.043478260869565216,0.19047619047619047,0.0,0.0,0.020833333333333332,0.0,0.0,0.0,0.14583333333333334,0.7142857142857143,0.7142857142857143,0.4,0.041666666666666664,0.5,0.5,1.0,0.020833333333333332,1.0,1.0,1.0,0.7708333333333334,0.1891891891891892,0.2,0.8571428571428571,0.0,0.0,0.0,1.0,0.1111111111111111,0.0,0.1111111111111111,1.0,0.6666666666666666,0.0,0.8125,0.1891891891891892,0.4740010416666666,0.48342,0.49501111111111107,0.06,0.18181818181818182,0.0,0.17073170731707318,9.860000000000001,26.139473684210532,0.209366391184573,0.0,0.0,0.0,2.0,0.0,1.0,0.0,0.0,0.0,0.05263157894736842,0.0,0.05405405405405406,0.0,0.0,0.0,0.0,0.02564102564102564,0.0,1.0,0.07692307692307693,0.0,0.0,0.0,0.0,0.0,0.0,0.0,0.0,0.0
203855,1611661331,Stephanie Talbot,Stephanie Talbot,203855,GSV,16062.0,268,26,524,519,82,66,78,1043,6.0,9.0,3.0,4.0,0.0,0.0,3.0,12.0,3.0,6.0,4.0,10.0,1.0,0.0,0.0,4.0,22.0,3.0,0.0,2.0,12.0,27,8.0,32.0,9.0,57,511,5.0,9.0,4.0,4.0,14.0,1.0,2.0,0.0,2.0,2.0,4.0,18.0,6.0,24.0,0.0,4.0,22.0,4.0,3.0,20.0,12.0,32.0,9.0,3.0,9.0,9.0,2.0,76.0,8.0,5.0,17.0,20.0,39.0,14.0,53,1.0,9.0,6.0,3.0,13.0,4.0,10.0,6.0,0.0,3.0,0.0,1.0,19.0,1.0,4.0,14.0,21.0,1.0,1.0,0.0,0.0,11,2.0,1.0,14.0,1.0,6.0,2.0,1.0,0.0,0.0,0.0,1.0,1.0,0.0,0.0,4.0,82,1.0,0.0,0.75,0.9,1.0,0.25,0.0,0.25,0.4444444444444444,0.5555555555555556,0.5,0.4067796610169492,0.38461538461538464,0.25,0.4318181818181818,0.4375,0.2857142857142857,0.5423728813559322,0.1111111111111111,0.1111111111111111,0.08333333333333333,13.747954173486088,0.6842105263157895,0.14184397163120568,0.03759398496240601,0.13934426229508196,0.05925925925925926,0.14068441064638784,0.048507462686567165,0.0,0.056338028169014086,0.034482758620689655,0.04950495049504951,0.08823529411764706,0.1111111111111111,0.057971014492753624,0.28888888888888886,0.13,0.18181818181818182,0.029411764705882353,0.0,0.15254237288135594,0.6666666666666666,0.75,0.6666666666666666,0.2033898305084746,0.25,0.2727272727272727,0.6666666666666666,0.1016949152542373,0.5,0.6,1.0,0.1694915254237288,0.4,0.4444444444444444,1.0,0.3728813559322034,0.18181818181818182,0.18181818181818182,1.0,0.3076923076923077,0.75,0.07692307692307693,0.23076923076923078,0.0,0.0,0.0,0.0,0.5,0.0,0.6949152542372882,0.18181818181818182,0.5134364406779661,0.5679928571428572,0.3569125,0.09375,0.1875,0.24561403508771928,0.07017543859649122,8.366666666666667,24.559375000000003,0.15648854961832062,0.0,0.0,0.0,1.0,2.0,0.0,0.0,0.0,0.0,0.03125,0.1,0.0,0.15384615384615385,0.3333333333333333,0.0,0.0,0.0,0.16666666666666666,1.0,0.06666666666666667,1.0,0.0,0.0,0.0,0.0,0.0,0.0,0.0,0.0
1627701,1611661331,Temi Fágbénlé,Temi Fágbénlé,1627701,GSV,55208.0,920,-6,1712,1706,296,267,232,3418,70.0,100.0,12.0,19.0,9.0,13.0,33.0,61.0,10.0,26.0,3.0,26.0,0.0,0.0,3.0,9.0,36.0,4.0,0.0,5.0,113.0,187,12.0,62.0,26.0,288,1726,18.0,31.0,4.0,4.0,43.0,15.0,28.0,0.0,8.0,5.0,35.0,172.0,54.0,36.0,0.0,16.0,36.0,9.0,19.0,22.0,39.0,61.0,27.0,12.0,11.0,9.0,2.0,161.0,37.0,32.0,47.0,68.0,120.0,70.0,190,6.0,35.0,29.0,6.0,19.0,8.0,13.0,39.0,4.0,6.0,1.0,4.0,58.0,6.0,7.0,48.0,119.0,0.0,19.0,21.0,0.0,60,3.0,3.0,36.0,9.0,19.0,2.0,22.0,1.0,1.0,0.0,13.0,23.0,12.0,1.0,35.0,295,10.0,2.0,0.7610619469026548,0.819047619047619,1.0,0.1935483870967742,0.0,0.1935483870967742,0.6042780748663101,0.5806451612903226,0.5357142857142857,0.5261044176706827,0.5571428571428572,0.4166666666666667,0.549618320610687,0.5972222222222222,0.4605263157894737,0.24899598393574296,0.10160427807486631,0.1,0.14754098360655737,16.186140617096612,0.3275862068965517,0.14912280701754385,0.08163265306122448,0.11838790931989925,0.08222222222222222,0.13481828839390386,0.08194774346793349,0.13333333333333333,0.0594059405940594,0.07058823529411765,0.0728862973760933,0.11214953271028037,0.13513513513513514,0.16872427983539096,0.11764705882352941,0.1064516129032258,0.16091954022988506,0.058823529411764705,0.5217391304347826,0.40160642570281124,0.7,0.7777777777777778,0.6857142857142857,0.24497991967871485,0.5409836065573771,0.6346153846153846,0.8484848484848485,0.10441767068273092,0.38461538461538464,0.38461538461538464,1.0,0.10441767068273092,0.11538461538461539,0.11538461538461539,1.0,0.14457831325301204,0.25,0.25,1.0,0.5428571428571428,0.631578947368421,0.0,0.11428571428571428,0.3611111111111111,0.6923076923076923,0.08333333333333333,0.0,0.1388888888888889,0.0,0.6506024096385542,0.25,0.5048800403225806,0.5090391304347827,0.4717222222222222,0.07692307692307693,0.09644670050761421,0.14930555555555555,0.12152777777777778,5.76470588235294,24.39354838709677,0.17289719626168223,1.0,1.0,0.0,0.0,5.0,1.0,9.0,1.0,0.25,0.0,0.0,0.0,0.14285714285714285,0.3333333333333333,0.25,1.0,0.015873015873015872,0.0,1.0,0.037037037037037035,0.0,0.0,0.0,0.0,0.0,0.0,0.0,0.0,0.0
1630097,1611661331,Kaila Charles,Kaila Charles,1630097,GSV,20823.0,347,7,639,654,139,140,78,1293,14.0,21.0,2.0,2.0,2.0,2.0,17.0,36.0,4.0,9.0,7.0,15.0,0.0,1.0,3.0,8.0,27.0,4.0,1.0,4.0,35.0,66,15.0,42.0,18.0,133,667,3.0,8.0,4.0,0.0,9.0,6.0,8.0,2.0,7.0,3.0,21.0,48.0,22.0,45.0,0.0,4.0,27.0,8.0,9.0,9.0,8.0,17.0,7.0,1.0,4.0,2.0,3.0,42.0,11.0,10.0,33.0,25.0,60.0,21.0,81,1.0,19.0,10.0,9.0,16.0,1.0,8.0,6.0,2.0,8.0,2.0,0.0,22.0,1.0,4.0,11.0,37.0,0.0,4.0,1.0,0.0,21,1.0,0.0,22.0,2.0,11.0,1.0,3.0,0.0,0.0,0.0,2.0,3.0,2.0,0.0,19.0,138,2.0,0.0,0.6857142857142857,0.7272727272727273,1.0,0.35714285714285715,0.2857142857142857,0.35714285714285715,0.5303030303030303,0.375,0.75,0.5324074074074074,0.375,0.6,0.5635593220338984,0.375,0.6176470588235294,0.3888888888888889,0.13636363636363635,0.14285714285714285,0.16666666666666666,19.099590723055936,0.7272727272727273,0.1497005988023952,0.06535947712418301,0.1952662721893491,0.0738255033557047,0.17261904761904762,0.0695364238410596,0.05405405405405406,0.06097560975609756,0.08823529411764706,0.045454545454545456,0.15384615384615385,0.225,0.14634146341463414,0.08888888888888889,0.22058823529411764,0.09090909090909091,0.020833333333333332,0.6666666666666666,0.19444444444444445,0.6666666666666666,0.7777777777777778,0.7142857142857143,0.3333333333333333,0.4722222222222222,0.5666666666666667,0.5882352941176471,0.08333333333333333,0.4444444444444444,0.4444444444444444,1.0,0.1388888888888889,0.4666666666666667,0.4666666666666667,1.0,0.25,0.2962962962962963,0.2962962962962963,1.0,0.16666666666666666,1.0,0.0,0.3333333333333333,0.13333333333333333,1.0,0.2,0.3333333333333333,0.26666666666666666,0.25,0.5833333333333334,0.2962962962962963,0.49868888888888885,0.46750833333333336,0.47207333333333323,0.09401709401709402,0.14666666666666667,0.06766917293233082,0.15789473684210525,6.216666666666667,24.285714285714285,0.21752738654147105,1.0,1.0,0.0,0.0,2.0,0.0,1.0,0.0,0.25,0.0,0.0,0.0,0.125,0.0,0.25,1.0,0.0,0.0,0.0,0.0,0.0,0.0,0.0,0.0,0.0,0.0,0.0,0.0,0.0
1631064,1611661331,Chloe Bibby,Chloe Bibby,1631064,GSV,3955.0,66,22,128,127,35,41,19,255,1.0,1.0,0.0,0.0,0.0,0.0,2.0,4.0,0.0,3.0,2.0,6.0,0.0,1.0,2.0,6.0,13.0,0.0,1.0,2.0,3.0,8,8.0,19.0,2.0,32,124,0.0,1.0,0.0,2.0,2.0,1.0,2.0,2.0,4.0,2.0,10.0,4.0,2.0,24.0,0.0,0.0,13.0,6.0,1.0,2.0,1.0,3.0,1.0,0.0,1.0,1.0,0.0,7.0,1.0,0.0,6.0,4.0,11.0,3.0,14,0.0,3.0,3.0,0.0,0.0,0.0,0.0,0.0,0.0,0.0,0.0,0.0,0.0,0.0,0.0,2.0,6.0,0.0,1.0,0.0,0.0,3,0.0,0.0,2.0,0.0,1.0,0.0,0.0,0.0,0.0,0.0,0.0,0.0,0.0,0.0,10.0,35,1.0,0.0,0.6666666666666666,0.6666666666666666,1.0,0.42105263157894735,0.5,0.42105263157894735,0.375,0.0,0.5,0.5555555555555556,0.0,0.6666666666666666,0.5714285714285714,0.5,0.7142857142857143,0.7037037037037037,0.125,0.0,0.25,18.42105263157895,0.0,0.08888888888888889,0.0,0.23076923076923078,0.03571428571428571,0.14084507042253522,0.017241379310344827,0.0,0.0,0.0,0.041666666666666664,0.0,0.0,0.11538461538461539,0.125,0.20833333333333334,0.5,0.0,0.0,0.037037037037037035,1.0,1.0,1.0,0.14814814814814814,0.5,0.6666666666666666,0.5,0.1111111111111111,0.0,0.0,0.0,0.2222222222222222,0.3333333333333333,0.3333333333333333,1.0,0.48148148148148145,0.46153846153846156,0.46153846153846156,1.0,0.0,0.0,0.0,0.0,0.0,0.0,0.3333333333333333,0.5,0.3333333333333333,0.5,0.7407407407407407,0.46153846153846156,0.4750296296296297,0.252,0.4541916666666667,0.03571428571428571,0.1111111111111111,0.0625,0.3125,11.325,24.273684210526312,0.2734375,0.0,0.0,0.0,0.0,1.0,0.0,0.0,0.0,0.0,0.0,0.0,0.0,0.25,0.0,0.0,0.0,0.0,0.0,2.0,0.2857142857142857,0.0,0.0,0.0,0.0,0.0,0.0,0.0,0.0,0.0
1628881,1611661331,Monique Billings,Monique Billings,1628881,GSV,28757.0,479,-3,915,925,203,222,124,1840,35.0,47.0,12.0,17.0,8.0,9.0,23.0,58.0,4.0,10.0,7.0,22.0,3.0,1.0,4.0,3.0,14.0,2.0,0.0,4.0,62.0,115,10.0,36.0,36.0,190,907,17.0,29.0,5.0,12.0,52.0,14.0,24.0,1.0,8.0,5.0,36.0,102.0,22.0,30.0,0.0,18.0,14.0,3.0,10.0,3.0,11.0,14.0,5.0,6.0,1.0,2.0,0.0,39.0,18.0,17.0,24.0,49.0,79.0,37.0,116,5.0,16.0,11.0,5.0,8.0,4.0,4.0,13.0,1.0,4.0,0.0,2.0,21.0,2.0,5.0,25.0,44.0,0.0,5.0,5.0,0.0,50,6.0,4.0,53.0,7.0,28.0,2.0,21.0,0.0,0.0,1.0,15.0,21.0,11.0,1.0,36.0,196,2.0,2.0,0.8225806451612904,0.9622641509433962,1.0,0.2777777777777778,0.125,0.2777777777777778,0.5391304347826087,0.5862068965517241,0.5833333333333334,0.5099337748344371,0.5882352941176471,0.484375,0.5459770114942529,0.6341463414634146,0.5,0.23841059602649006,0.08695652173913043,0.02127659574468085,0.15517241379310345,18.378887841658813,0.38095238095238093,0.18081180811808117,0.07083333333333333,0.11009174311926606,0.07531380753138076,0.1492842535787321,0.07306889352818371,0.037037037037037035,0.06716417910447761,0.11538461538461539,0.09302325581395349,0.029850746268656716,0.19607843137254902,0.19463087248322147,0.14084507042253522,0.11834319526627218,0.08163265306122448,0.07246376811594203,0.5238095238095238,0.31125827814569534,0.7446808510638298,0.7608695652173914,0.6857142857142857,0.3841059602649007,0.39655172413793105,0.46938775510204084,1.0,0.06622516556291391,0.4,0.4,1.0,0.1456953642384106,0.3181818181818182,0.3181818181818182,1.0,0.09271523178807947,0.21428571428571427,0.21428571428571427,1.0,0.5,0.7058823529411765,0.08823529411764706,0.058823529411764705,0.28125,0.8888888888888888,0.125,0.25,0.125,0.0,0.5496688741721855,0.21428571428571427,0.4909576158940398,0.49873500000000004,0.4440656250000001,0.16279069767441862,0.20588235294117646,0.2736842105263158,0.18947368421052632,6.1634782608695655,23.974999999999998,0.22185792349726777,0.0,2.0,0.0,0.0,6.0,0.0,5.0,1.0,0.4,0.0,0.0,0.0,0.24,0.25,0.0,0.0,0.0,0.0,2.0,0.06666666666666667,0.0,0.0,0.0,2.0,0.0,0.6666666666666666,1.0,0.0,0.0
1642768,1611661331,Kyara Linskens,Kyara Linskens,1642768,GSV,1607.0,27,7,56,57,23,19,8,113,1.0,3.0,0.0,1.0,1.0,1.0,1.0,1.0,0.0,0.0,0.0,0.0,0.0,0.0,0.0,0.0,1.0,0.0,0.0,1.0,2.0,4,0.0,1.0,0.0,4,47,0.0,1.0,0.0,0.0,0.0,1.0,1.0,0.0,1.0,0.0,2.0,4.0,0.0,0.0,0.0,0.0,1.0,0.0,0.0,1.0,0.0,1.0,0.0,0.0,0.0,0.0,1.0,2.0,0.0,1.0,1.0,1.0,5.0,1.0,6,1.0,1.0,1.0,0.0,1.0,0.0,1.0,1.0,1.0,0.0,0.0,0.0,2.0,0.0,1.0,6.0,7.0,0.0,0.0,0.0,0.0,1,0.0,0.0,0.0,0.0,0.0,0.0,3.0,0.0,0.0,0.0,2.0,3.0,2.0,0.0,2.0,23,1.0,0.0,1.0,1.0,0.0,0.0,0.0,0.0,0.5,0.0,1.0,0.4,0.0,0.5,0.4,0.0,0.5,0.2,0.0,0.0,0.0,10.9375,0.5,0.09090909090909091,0.06666666666666667,0.07142857142857142,0.0,0.08,0.037037037037037035,0.14285714285714285,0.0,0.0,0.0,0.0,0.0,0.125,0.0,0.1,0.0,0.3333333333333333,0.6666666666666666,0.6,0.3333333333333333,0.3333333333333333,1.0,0.2,1.0,1.0,1.0,0.0,0.0,0.0,0.0,0.0,0.0,0.0,0.0,0.2,0.0,0.0,0.0,1.0,0.0,0.0,0.0,0.5,1.0,0.0,0.0,0.5,0.0,0.8,0.0,0.53085,0.411,0.581375,0.0,0.0,0.0,0.5,3.625,24.8,0.4107142857142857,0.0,0.0,0.0,0.0,3.0,0.0,1.0,0.0,0.0,0.0,0.0,0.0,0.6,0.0,0.0,0.0,0.0,0.0,0.0,0.0,0.0,0.0,0.0,0.0,0.0,0.0,0.0,0.0,0.0
1642788,1611661331,Bree Hall,Bree Hall,1642788,GSV,746.0,12,9,24,25,8,14,3,49,1.0,1.0,0.0,0.0,1.0,1.0,0.0,0.0,0.0,0.0,0.0,0.0,0.0,0.0,0.0,0.0,2.0,0.0,0.0,0.0,1.0,1,0.0,2.0,1.0,3,14,0.0,0.0,0.0,0.0,0.0,1.0,1.0,0.0,0.0,1.0,3.0,2.0,0.0,0.0,0.0,0.0,2.0,0.0,0.0,0.0,0.0,0.0,0.0,0.0,0.0,0.0,0.0,0.0,0.0,0.0,0.0,2.0,2.0,0.0,2,0.0,0.0,0.0,0.0,2.0,0.0,0.0,1.0,0.0,2.0,0.0,1.0,3.0,0.0,1.0,1.0,3.0,0.0,0.0,0.0,0.0,1,0.0,0.0,3.0,0.0,0.0,2.0,0.0,0.0,0.0,0.0,0.0,0.0,0.0,0.0,3.0,8,0.0,0.0,1.0,1.0,0.0,0.0,0.0,0.0,1.0,0.0,1.0,0.3333333333333333,0.0,1.0,0.3,0.0,0.5,0.6666666666666666,0.0,0.0,0.0,25.925925925925924,0.6666666666666666,0.15384615384615385,0.0,0.0,0.0,0.1111111111111111,0.0,0.0,0.0,0.0,0.0,0.0,0.25,0.16666666666666666,0.0,0.0,0.0,0.0,0.0,0.3333333333333333,1.0,1.0,1.0,0.0,0.0,0.0,0.0,0.0,0.0,0.0,0.0,0.0,0.0,0.0,0.0,0.6666666666666666,0.0,0.0,0.0,0.0,0.0,0.0,0.0,1.0,1.0,0.0,0.0,0.0,0.0,1.0,0.0,0.47505,0.0,0.4287,0.0,0.0,0.0,1.0,2.8,25.3,0.3333333333333333,0.0,0.0,0.0,0.0,0.0,0.0,0.0,0.0,0.0,0.0,0.0,0.0,0.0,0.0,0.0,0.0,0.0,0.0,0.0,0.0,1.0,0.0,0.0,0.0,0.0,0.0,0.0,0.0,0.0
1627672,1611661331,Aerial Powers,Aerial Powers,1627672,GSV,420.0,7,7,14,13,4,4,2,27,0.0,0.0,0.0,0.0,0.0,0.0,0.0,2.0,0.0,0.0,0.0,0.0,0.0,0.0,0.0,0.0,0.0,0.0,0.0,0.0,0.0,2,0.0,0.0,2.0,2,11,0.0,1.0,0.0,2.0,2.0,0.0,0.0,0.0,0.0,2.0,2.0,0.0,0.0,0.0,0.0,0.0,0.0,0.0,0.0,1.0,0.0,1.0,0.0,0.0,1.0,0.0,0.0,2.0,1.0,0.0,1.0,0.0,1.0,1.0,2,0.0,1.0,0.0,1.0,0.0,0.0,0.0,0.0,0.0,0.0,0.0,0.0,0.0,0.0,0.0,0.0,0.0,0.0,0.0,0.0,0.0,2,0.0,0.0,2.0,0.0,1.0,0.0,0.0,0.0,0.0,0.0,0.0,0.0,0.0,0.0,2.0,4,0.0,0.0,0.0,0.0,0.0,0.0,0.0,0.0,0.0,0.0,0.0,0.0,0.0,0.0,0.3333333333333333,0.5,1.0,0.0,0.0,0.0,0.0,18.75,0.0,0.0,0.0,1.0,0.5,0.16666666666666666,0.25,0.0,0.0,0.0,0.5,0.0,0.0,0.0,0.0,1.0,0.0,0.0,0.0,0.0,0.0,0.0,0.0,1.0,0.0,0.0,0.0,0.0,0.0,0.0,0.0,0.0,0.0,0.0,0.0,0.0,0.0,0.0,0.0,0.0,0.0,0.0,0.0,0.0,0.0,0.0,0.0,0.0,0.0,0.0,0.0,0.40545,0.0,0.0,0.3333333333333333,0.3333333333333333,1.0,1.0,5.199999999999999,0.0,0.2857142857142857,0.0,0.0,0.0,0.0,0.0,0.0,0.0,0.0,0.0,0.0,0.0,0.0,0.0,0.0,0.0,0.0,0.0,0.0,0.0,0.0,0.0,0.0,0.0,0.0,0.0,0.0,0.0,0.0,0.0
